杂物,炼钢炉,行车支架,墙,钢架,轨道车,挖掘机,废料堆,过道,索具,半成品堆料,板房,平台,喷煤气设备
0.0,2.0,2.0,1.0,0.0,0.0,0.0,0.0,0.0,0.0,0.0,0.0,0.0,0.0
0.0,1.0,2.0,1.0,0.0,0.0,0.0,0.0,0.0,0.0,0.0,0.0,0.0,0.0
0.0,4.0,0.0,1.0,0.0,0.0,0.0,0.0,0.0,0.0,0.0,0.0,0.0,0.0
0.0,4.0,0.0,1.0,0.0,0.0,0.0,0.0,0.0,0.0,0.0,0.0,0.0,0.0
0.0,2.0,0.0,1.0,0.0,0.0,0.0,0.0,0.0,0.0,0.0,0.0,0.0,0.0
0.0,2.0,0.0,1.0,0.0,0.0,0.0,0.0,0.0,0.0,0.0,0.0,0.0,0.0
0.0,1.0,1.0,1.0,0.0,0.0,0.0,0.0,0.0,0.0,0.0,0.0,0.0,0.0
0.0,1.0,1.0,1.0,0.0,0.0,0.0,0.0,0.0,0.0,0.0,0.0,0.0,0.0
0.0,0.0,2.0,0.0,0.0,0.0,0.0,0.0,0.0,0.0,0.0,0.0,0.0,0.0
0.0,0.0,1.0,1.0,0.0,0.0,0.0,1.0,0.0,0.0,0.0,0.0,0.0,0.0
0.0,0.0,1.0,1.0,0.0,0.0,0.0,2.0,0.0,0.0,0.0,0.0,0.0,0.0
0.0,0.0,0.0,0.0,0.0,0.0,0.0,3.0,0.0,0.0,0.0,0.0,0.0,0.0
0.0,0.0,0.0,0.0,0.0,0.0,0.0,4.0,0.0,0.0,0.0,0.0,0.0,0.0
0.0,0.0,0.0,0.0,0.0,0.0,0.0,3.0,0.0,0.0,0.0,0.0,0.0,0.0
0.0,0.0,0.0,0.0,0.0,0.0,0.0,2.0,0.0,0.0,0.0,0.0,0.0,0.0
1.0,0.0,0.0,0.0,0.0,0.0,0.0,1.0,0.0,0.0,0.0,0.0,0.0,0.0
0.0,3.0,1.0,2.0,0.0,1.0,0.0,0.0,0.0,0.0,0.0,0.0,0.0,0.0
0.0,2.0,1.0,2.0,0.0,1.0,0.0,0.0,2.0,0.0,0.0,0.0,0.0,0.0
0.0,1.0,2.0,2.0,0.0,0.0,0.0,0.0,2.0,0.0,0.0,0.0,0.0,0.0
0.0,1.0,1.0,2.0,0.0,0.0,0.0,0.0,1.0,0.0,0.0,0.0,0.0,0.0
0.0,0.0,2.0,2.0,0.0,0.0,0.0,0.0,0.0,0.0,0.0,0.0,0.0,0.0
0.0,0.0,2.0,2.0,0.0,0.0,1.0,0.0,0.0,0.0,0.0,0.0,0.0,0.0
0.0,0.0,2.0,2.0,0.0,0.0,2.0,0.0,0.0,0.0,0.0,0.0,0.0,0.0
0.0,0.0,2.0,2.0,0.0,0.0,2.0,1.0,0.0,0.0,0.0,0.0,0.0,0.0
0.0,0.0,1.0,2.0,0.0,0.0,1.0,1.0,0.0,0.0,0.0,0.0,0.0,0.0
0.0,0.0,1.0,1.0,0.0,0.0,1.0,2.0,0.0,0.0,0.0,0.0,0.0,0.0
0.0,0.0,2.0,1.0,0.0,0.0,0.0,3.0,0.0,0.0,0.0,0.0,0.0,0.0
0.0,0.0,2.0,1.0,0.0,0.0,0.0,4.0,0.0,0.0,0.0,0.0,0.0,0.0
0.0,0.0,2.0,1.0,0.0,0.0,0.0,3.0,0.0,0.0,0.0,0.0,0.0,0.0
0.0,0.0,2.0,1.0,0.0,0.0,0.0,2.0,0.0,0.0,0.0,0.0,0.0,0.0
1.0,0.0,3.0,1.0,0.0,0.0,0.0,1.0,0.0,0.0,0.0,0.0,0.0,0.0
1.0,0.0,2.0,1.0,0.0,0.0,0.0,0.0,0.0,0.0,0.0,0.0,0.0,0.0
2.0,0.0,1.0,1.0,0.0,0.0,0.0,0.0,0.0,0.0,0.0,0.0,0.0,0.0
2.0,0.0,1.0,1.0,0.0,0.0,0.0,0.0,0.0,0.0,0.0,0.0,0.0,0.0
0.0,0.0,1.0,2.0,0.0,1.0,0.0,0.0,2.0,0.0,0.0,0.0,0.0,0.0
0.0,0.0,2.0,1.0,0.0,1.0,0.0,0.0,4.0,0.0,0.0,0.0,0.0,0.0
0.0,0.0,2.0,1.0,0.0,0.0,0.0,0.0,6.0,0.0,0.0,0.0,0.0,0.0
0.0,0.0,1.0,2.0,0.0,0.0,0.0,0.0,4.0,0.0,0.0,0.0,0.0,0.0
0.0,0.0,2.0,2.0,0.0,1.0,0.0,0.0,2.0,0.0,0.0,0.0,0.0,0.0
0.2454265,0.6567036,0.6988509,0.0,0.0,0.21537101,0.0,0.59700805,0.67635643,0.0,0.0,0.0,0.0,0.0
0.2487166,0.53490704,0.7568984999999999,0.0,0.0,0.1889323,0.0,0.64899147,0.67370963,0.0,0.0,0.0,0.0,0.0
0.16212504,0.7324263000000001,0.50016725,0.0,0.0,0.22385558,0.0,0.51683396,0.5612246999999999,0.0,0.0,0.08049780000000001,0.0,0.0
0.16212504,0.7324263000000001,0.50016725,0.0,0.0,0.22385558,0.0,0.51683396,0.5612246999999999,0.0,0.0,0.08049780000000001,0.0,0.0
0.1630978,0.56713784,0.39309877,0.0,0.0,0.1917323,0.0,0.41386724,0.41787001,0.0,0.0,0.09590908,0.0,0.0
0.1630978,0.56713784,0.39309877,0.0,0.0,0.1917323,0.0,0.41386724,0.41787001,0.0,0.0,0.09590908,0.0,0.0
0.20183161,0.50517845,0.5842661,0.0,0.0,0.17927472,0.0,0.5393134,0.53486407,0.0,0.0,0.010867268000000001,0.0,0.0
0.20183161,0.50517845,0.5842661,0.0,0.0,0.17927472,0.0,0.5393134,0.53486407,0.0,0.0,0.010867268000000001,0.0,0.0
0.21963212,0.40296220000000005,0.69061345,0.0,0.0,0.15288153,0.0,0.6055904999999999,0.5783409,0.0,0.0,0.0,0.0,0.0
0.10968175,0.29256350000000003,0.86063844,0.0,0.0,0.13481236,0.0,0.87227076,0.6758321999999999,0.0,0.0,0.0,0.0,0.0
0.06532365,0.24119765,1.0307789,0.0,0.0,0.12365090000000001,0.0,1.0633545,0.7884804,0.0,0.0,0.0,0.0,0.0
0.025344595,0.21919905,0.93390787,0.0,0.0,0.114357755,0.0,1.0085886999999998,0.70981413,0.0,0.0,0.0,0.0,0.0
0.001828142,0.20680064,1.1133691000000001,0.0,0.0,0.11328375,0.0,1.1903565,0.8422444,0.0,0.0,0.0,0.0,0.0
0.025344595,0.21919905,0.93390787,0.0,0.0,0.114357755,0.0,1.0085886999999998,0.70981413,0.0,0.0,0.0,0.0,0.0
0.04886105,0.23159751,0.7544466,0.0,0.0,0.11543176,0.0,0.8268208,0.57738376,0.0,0.0,0.0,0.0,0.0
0.14318587,0.3103913,0.734915,0.0,0.0,0.12693198,0.0,0.72421813,0.5846298000000001,0.0,0.0,0.0,0.0,0.0
0.24198514,0.7109283000000001,0.70183647,0.0,0.0,0.2268978,0.0,0.6179078,0.69797355,0.0,0.0,0.0,0.0,0.0
0.28700244,0.6430334,1.2721127,0.0,0.0,0.23441565,0.0,1.0074896999999998,1.0998048,0.0,0.0,0.0,0.0,0.0
0.28734905,0.60521114,1.3892843000000001,0.0,0.0,0.22403851,0.0,1.1098506000000001,1.1746211000000002,0.0,0.0,0.0,0.0,0.0
0.21423927,0.51615715,1.0058926,0.0,0.0,0.19684164,0.0,0.86912745,0.85850215,0.0,0.0,0.0,0.0,0.0
0.19293411,0.42143909999999996,1.0035522,0.0,0.0,0.17204212,0.0,0.9104711,0.8245726999999999,0.0,0.0,0.0,0.0,0.0
0.12904721,0.36052155,1.0383947,0.0,0.0,0.15555495,0.0,1.0008056,0.83292043,0.0,0.0,0.0,0.0,0.0
0.065160245,0.29960394,1.0732371,0.0,0.0,0.13906778,0.0,1.0911403999999998,0.8412681000000001,0.0,0.0,0.0,0.0,0.0
0.021858491,0.23984408,1.230349,0.0,0.0,0.12617318,0.0,1.2813565,0.94126,0.0,0.0,0.0,0.0,0.0
0.024292587999999997,0.2569901,1.0581822,0.0,0.0,0.13151418,0.0,1.1232615,0.8172513000000001,0.0,0.0,0.0,0.0,0.0
0.003419213,0.20790035,1.0829933999999999,0.0,0.0,0.11611938,0.0,1.1573893,0.81949836,0.0,0.0,0.0,0.0,0.0
0.08796576,0.24702559999999998,1.3395114,0.0,0.0,0.12903611,0.0,1.3261325000000002,1.0223839,0.0,0.0,0.0,0.0,0.0
0.047124147000000005,0.21659008,1.5204741000000002,0.0,0.0,0.12450127,0.0,1.5185598999999999,1.1503763999999999,0.0,0.0,0.0,0.0,0.0
0.08796576,0.24702559999999998,1.3395114,0.0,0.0,0.12903611,0.0,1.3261325000000002,1.0223839,0.0,0.0,0.0,0.0,0.0
0.13080509,0.28116167,1.1607261999999998,0.0,0.0,0.1342745,0.0,1.1324775,0.8972138000000001,0.0,0.0,0.0,0.0,0.0
0.30859047,0.44241035,1.3221038999999999,0.0,0.0,0.16593197,0.0,1.0946084999999999,1.0657322,0.0,0.0,0.0,0.0,0.0
0.28452384,0.44153368,1.020074,0.0,0.0,0.16184658,0.0,0.83430684,0.8386455,0.0,0.0,0.0,0.0,0.0
0.29386955,0.46559182,1.048956,0.0,0.0,0.16033916,0.0,0.8410426999999999,0.86776066,0.0,0.0,0.0,0.0,0.0
0.29386955,0.46559182,1.048956,0.0,0.0,0.16033916,0.0,0.8410426999999999,0.86776066,0.0,0.0,0.0,0.0,0.0
0.19217607,0.43486091,1.4284028,0.0,0.0,0.17993829,0.0,1.2070653,1.1482673,0.0,0.0,0.0,0.0,0.0
0.30067867,0.56304634,1.8785558,0.0,0.0,0.21308178,0.0,1.4581273000000001,1.5263306,0.0,0.0,0.0,0.0,0.0
0.33201176,0.7002531,2.2376359,0.0,0.0,0.258143,0.0,1.6894523000000001,1.8433056,0.0,0.0,0.0,0.0,0.0
0.22563640000000001,0.5457556,1.7836167,0.0,0.0,0.21361196,0.0,1.433478,1.4527982,0.0,0.0,0.0,0.0,0.0
0.24983168,0.46972755,1.5761242,0.0,0.0,0.18697158,0.0,1.2910631000000001,1.2689017,0.0,0.0,0.0,0.0,0.0
0.0,0.48050457,0.92058414,0.9569151,0.0,0.23340625,0.0,0.0,0.94940305,0.0,0.0,0.0,0.0,0.09275214400000001
0.0,0.37431166,0.8522434999999999,0.9228284999999999,0.0,0.18293710000000002,0.0,0.0,0.91699725,0.0,0.0,0.0,0.0,0.07530107
0.0,0.77253246,0.940157,0.83254844,0.004170403,0.31081432,0.0,0.0,0.82306486,0.0,0.0,0.0,0.0,0.18751174
0.0,0.77253246,0.940157,0.83254844,0.004170403,0.31081432,0.0,0.0,0.82306486,0.0,0.0,0.0,0.0,0.18751174
0.0,0.5405309,0.7290788,0.7491926999999999,0.0,0.21017554,0.0,0.0,0.75504535,0.0,0.0,0.0,0.0,0.15886071
0.0,0.5405309,0.7290788,0.7491926999999999,0.0,0.21017554,0.0,0.0,0.75504535,0.0,0.0,0.0,0.0,0.15886071
0.0,0.39337277,0.74142313,0.81290275,0.0,0.16413824,0.0,0.0,0.8171526,0.0,0.0,0.0,0.0,0.10725775
0.0,0.39337277,0.74142313,0.81290275,0.0,0.16413824,0.0,0.0,0.8171526,0.0,0.0,0.0,0.0,0.10725775
0.0,0.26325864,0.5578838,0.6909225999999999,0.0,0.094707035,0.0,0.0,0.68478465,0.0,0.0,0.0,0.0,0.10707067
0.0,0.25030544,0.71006995,0.78465277,0.0,0.09928695,0.0,0.0,0.7657943,0.0,0.0,0.0,0.0,0.08444472
0.0,0.24390574,0.72991353,0.79116076,0.0,0.09114363,0.0,0.0,0.76759154,0.0,0.0,0.0,0.0,0.07825028
0.0,0.19523337,0.43972259999999996,0.57978946,0.0,0.041598156000000004,0.0,0.0,0.55633605,0.0,0.0,0.0,0.0,0.115556166
0.0,0.19682284,0.47776002,0.6082247,0.0,0.046369925,0.0,0.0,0.58478725,0.0,0.0,0.0,0.0,0.11097424
0.0,0.19523337,0.43972259999999996,0.57978946,0.0,0.041598156000000004,0.0,0.0,0.55633605,0.0,0.0,0.0,0.0,0.115556166
0.0,0.1981372,0.40156752,0.5519966,0.0,0.038111128,0.0,0.0,0.529516,0.0,0.0,0.0,0.0,0.12395555
0.0,0.21605495,0.36720926,0.52984285,0.0,0.045099467000000004,0.0,0.0,0.5135149,0.0,0.0,0.0,0.0,0.13533074
0.0,0.69872594,1.237191,1.1732223999999998,0.007864966999999999,0.39208648,0.0,0.0,1.1459556999999998,0.0,0.0,0.0,0.0,0.11454278
0.0,0.63053656,1.479797,1.3982666000000001,0.006631687,0.38666776,0.0,0.0,1.3453238,0.0,0.0,0.0,0.0,0.014447544
0.0,0.44217497,1.3979373,1.384264,0.0,0.30107847,0.0,0.0,1.3407186000000002,0.0,0.0,0.0,0.0,0.0
0.0,0.44117218,1.1409528,1.1461381000000002,0.0,0.25041354,0.0,0.0,1.122348,0.0,0.0,0.0,0.0,0.02579574
0.0,0.32175756,1.0426251,1.0693059999999999,0.0,0.18454103,0.0,0.0,1.0422283,0.0,0.0,0.0,0.0,0.02858973
0.0,0.34960306,1.0545136,1.0989826999999999,0.0,0.21462958,0.0,0.0,1.0758834,0.0,0.0,0.0,0.0,0.030144237
0.0,0.37557536,1.0870001,1.1423419,0.0,0.24233238,0.0,0.0,1.1206361999999999,0.0,0.0,0.0,0.0,0.023928855
0.0,0.35526192,1.0990243999999998,1.1242738,0.0,0.21931672,0.0,0.0,1.0968664,0.0,0.0,0.0,0.0,0.025456912999999998
0.0,0.3071649,0.97352904,0.9960582,0.0,0.15791889999999997,0.0,0.0,0.9705937,0.0,0.0,0.0,0.0,0.044789292
0.0,0.26147994,0.7467545,0.80345577,0.0,0.104404,0.0,0.0,0.78314537,0.0,0.0,0.0,0.0,0.08338313
0.0,0.27048936,0.8571528,0.878216,0.0,0.10729418,0.0,0.0,0.85299325,0.0,0.0,0.0,0.0,0.06159769
0.0,0.26280963,0.8766427999999999,0.88369524,0.0,0.09897001,0.0,0.0,0.85341185,0.0,0.0,0.0,0.0,0.053843174
0.0,0.27048936,0.8571528,0.878216,0.0,0.10729418,0.0,0.0,0.85299325,0.0,0.0,0.0,0.0,0.06159769
0.0,0.27816904,0.8376628,0.8727368000000001,0.0,0.11561831,0.0,0.0,0.85257465,0.0,0.0,0.0,0.0,0.06935225
0.0,0.31777516,0.8934728999999999,0.93587565,0.0,0.15059786,0.0,0.0,0.91583157,0.0,0.0,0.0,0.0,0.056318227
0.0,0.30985552,0.7852222,0.83385974,0.0,0.1224663,0.0,0.0,0.8211559000000002,0.0,0.0,0.0,0.0,0.08169457
0.0,0.31085718,0.6896479,0.74086124,0.0,0.09680587,0.0,0.0,0.7239534000000001,0.0,0.0,0.0,0.0,0.07987581
0.0,0.31085718,0.6896479,0.74086124,0.0,0.09680587,0.0,0.0,0.7239534000000001,0.0,0.0,0.0,0.0,0.07987581
0.0,0.40043979999999996,1.3138937,1.3318406,0.0,0.28559217,0.0,0.0,1.2963836000000002,0.0,0.0,0.0,0.0,0.0
0.0,0.43385375,1.4940759,1.4941955,0.0,0.32689777,0.0,0.0,1.4432331,0.0,0.0,0.0,0.0,0.0
0.0,0.46310112,1.7078717,1.7017262999999998,0.0,0.37846490000000005,0.0,0.0,1.6323216,0.0,0.0,0.0,0.0,0.0
0.0,0.43750829,1.5400095,1.50112,0.0,0.31025758,0.0,0.0,1.4461591,0.0,0.0,0.0,0.0,0.0
0.0,0.39262800000000003,1.413109,1.4147701000000001,0.0,0.29755384,0.0,0.0,1.3721694,0.0,0.0,0.0,0.0,0.0
0.070235915,1.2130613000000001,1.5263546000000001,1.693371,0.0,0.18136194,0.0,0.0,1.1478571000000002,0.0,0.0,0.0,0.0,0.0
0.031227835,0.8370095999999999,1.2578218,1.2701076,0.0,0.16245684,0.0,0.0,0.89302033,0.0,0.0,0.0,0.0,0.0
0.14359365,1.6272722,1.6866970000000001,1.9879409,0.0,0.15271178,0.0,0.0,1.2640038999999998,0.0,0.0,0.0,0.0,0.0
0.14359365,1.6272722,1.6866970000000001,1.9879409,0.0,0.15271178,0.0,0.0,1.2640038999999998,0.0,0.0,0.0,0.0,0.0
0.057689495,0.8878261000000001,1.1676135,1.1554015,0.0,0.1086244,0.0,0.0,0.7600124,0.0,0.0,0.0,0.0,0.0
0.057689495,0.8878261000000001,1.1676135,1.1554015,0.0,0.1086244,0.0,0.0,0.7600124,0.0,0.0,0.0,0.0,0.0
0.026915476,0.67424744,1.0644243,0.9922904,0.0,0.13018869,0.0,0.0,0.68815064,0.0,0.0,0.0,0.0,0.0
0.026915476,0.67424744,1.0644243,0.9922904,0.0,0.13018869,0.0,0.0,0.68815064,0.0,0.0,0.0,0.0,0.0
0.010838628000000001,0.36786598,0.8729466999999999,0.7037485,0.0,0.13341573,0.0,0.0,0.5582745,0.059730828,0.0,0.0,0.0,0.0
0.0,0.30609990000000004,0.7569402,0.53735816,0.0,0.11638038,0.0,0.0,0.39865863,0.07185891,0.0,0.0,0.0,0.0
0.0,0.31161398,0.7318723,0.50091547,0.0,0.10590267,0.0,0.0,0.36208373,0.07051187,0.0,0.0,0.0,0.0
0.007653341,0.09564152,0.4994983,0.1667253,0.0,0.065122336,0.0,0.0,0.15853651,0.1292416,0.0,0.0,0.0,0.0
0.014623866000000001,0.1360683,0.5208962,0.19942097,0.0,0.06367773,0.0,0.0,0.18210696,0.11529807,0.0,0.0,0.0,0.0
0.007653341,0.09564152,0.4994983,0.1667253,0.0,0.065122336,0.0,0.0,0.15853651,0.1292416,0.0,0.0,0.0,0.0
0.0,0.050401628,0.4742055,0.13470773,0.0,0.06037709,0.0,0.0,0.13558586,0.13819242,0.0,0.0,0.0,0.0
0.005358219,0.044039384,0.49912766,0.16616975,0.0,0.077482805,0.0,0.0,0.16699396,0.13757473,0.0,0.0,0.0,0.0
0.12452413,1.7132479,1.8134394,2.192513,0.0,0.21370067,0.0,0.0,1.4032828000000002,0.0,0.0,0.0,0.0,0.0
0.13584983,1.5490888,1.8128667,2.1866817000000003,0.0,0.25336915,0.0,0.0,1.4906746000000002,0.0,0.0,0.0,0.0,0.0
0.08395371,1.2147769,1.6582328999999998,1.9043816000000002,0.0,0.2527758,0.0,0.0,1.3473233999999998,0.0,0.0,0.0,0.0,0.0
0.052099094000000006,0.9415158000000001,1.3340173,1.4126455,0.0,0.18581618,0.0,0.0,0.96913844,0.0,0.0,0.0,0.0,0.0
0.0026484620000000003,0.6643574000000001,1.1373212,1.0847243,0.0,0.16632633,0.0,0.0,0.76502776,0.0,0.0,0.0,0.0,0.0
0.002042681,0.7372576,1.2151418999999999,1.2048566,0.0,0.1759061,0.0,0.0,0.8285466999999999,0.0,0.0,0.0,0.0,0.0
0.001436908,0.8101578,1.2929626,1.3249886999999998,0.0,0.18548587,0.0,0.0,0.89206547,0.0,0.0,0.0,0.0,0.0
0.0,0.76853186,1.2450447,1.2508059999999999,0.0,0.18129471,0.0,0.0,0.8368110999999999,0.0,0.0,0.0,0.0,0.0
0.0,0.5387039,0.9893144,0.8784666999999999,0.0,0.14646974,0.0,0.0,0.5914875,0.017745316,0.0,0.0,0.0,0.0
0.0,0.3772583,0.8235526,0.636159,0.0,0.12107389,0.0,0.0,0.4487185,0.06487702599999999,0.0,0.0,0.0,0.0
0.0017486479999999998,0.49883032,0.9155401,0.7627113,0.0,0.12459954,0.0,0.0,0.5411654,0.018880315,0.0,0.0,0.0,0.0
0.0035510359999999996,0.5005169,0.89016604,0.72914606,0.0,0.118561015,0.0,0.0,0.50916123,0.015359393999999998,0.0,0.0,0.0,0.0
0.0017486479999999998,0.49883032,0.9155401,0.7627113,0.0,0.12459954,0.0,0.0,0.5411654,0.018880315,0.0,0.0,0.0,0.0
0.0015244479999999999,0.49295425,0.938427,0.7953414000000001,0.0,0.1331645,0.0,0.0,0.5740563,0.021304272000000003,0.0,0.0,0.0,0.0
0.021534085,0.67391557,1.1512761,1.1015093,0.0,0.15841949,0.0,0.0,0.80704504,0.0,0.0,0.0,0.0,0.0
0.015057534,0.49809432,0.9739753000000001,0.8498832000000001,0.0,0.13941357,0.0,0.0,0.6360781999999999,0.020113274,0.0,0.0,0.0,0.0
0.02417294,0.34881514,0.7814821999999999,0.5803005999999999,0.0,0.10839030000000001,0.0,0.0,0.44091314,0.048490375,0.0,0.0,0.0,0.0
0.02417294,0.34881514,0.7814821999999999,0.5803005999999999,0.0,0.10839030000000001,0.0,0.0,0.44091314,0.048490375,0.0,0.0,0.0,0.0
0.04415439,0.8098432,1.2904115,1.3597053,0.0,0.22281812,0.0,0.0,0.98137647,0.0,0.0,0.0,0.0,0.0
0.060486443,1.1336197000000001,1.7157936000000003,1.9547354,0.0,0.27650845,0.0,0.0,1.4524719,0.0,0.0,0.0,0.0,0.0
0.08331525,1.3897485,1.9973016,2.3375762000000004,0.0,0.28272617,0.0,0.0,1.7389446,0.0,0.0,0.0,0.0,0.0
0.068726055,1.0539985,1.5560741000000002,1.7278248999999999,0.0,0.23447368,0.0,0.0,1.2583171999999998,0.0,0.0,0.0,0.0,0.0
0.056932285,0.9798703000000001,1.4788046000000001,1.6399872,0.0,0.25613695,0.0,0.0,1.1910855,0.0,0.0,0.0,0.0,0.0
0.0,0.3449313,0.971562,0.0,0.0,0.0,0.0,0.82625294,0.0,0.0,0.0,0.0,0.0,0.0
0.0,0.28617764,1.0926027,0.0,0.0,0.0,0.0,0.89338946,0.0,0.0,0.0,0.0,0.0,0.0
0.0,0.48848012,0.5896571999999999,0.0,0.006667185999999999,0.0,0.0,0.5956657,0.0,0.0,0.0,0.0,0.0,0.0
0.0,0.48848012,0.5896571999999999,0.0,0.006667185999999999,0.0,0.0,0.5956657,0.0,0.0,0.0,0.0,0.0,0.0
0.0,0.4171710999999999,0.5445397,0.0,0.015480582,0.0,0.0,0.5547281,0.0,0.0,0.0,0.0,0.0,0.0
0.0,0.4171710999999999,0.5445397,0.0,0.015480582,0.0,0.0,0.5547281,0.0,0.0,0.0,0.0,0.0,0.0
0.0,0.3329897,0.78546363,0.0,0.0,0.0,0.0,0.68822414,0.0,0.0,0.0,0.0,0.0,0.0
0.0,0.3329897,0.78546363,0.0,0.0,0.0,0.0,0.68822414,0.0,0.0,0.0,0.0,0.0,0.0
0.0,0.23767108,1.2317258,0.0,0.0,0.0,0.0,0.9683748999999999,0.0,0.0,0.0,0.0,0.0,0.0
0.0,0.30963218,1.2286988,0.0,0.0,0.0,0.0,1.0678836999999999,0.0,0.0,0.0,0.0,0.0,0.0
0.0,0.34583515,1.4853691999999998,0.0,0.0,0.0,0.0,1.326359,0.0,0.0,0.0,0.0,0.0,0.0
0.0,0.38850108,1.4421473,0.0,0.0,0.0,0.0,1.3834205,0.0,0.0,0.0,0.0,0.0,0.0
0.0,0.42044709999999996,1.7137626,0.0,0.0,0.0,0.0,1.627357,0.0,0.0,0.0,0.0,0.0,0.0
0.0,0.38850108,1.4421473,0.0,0.0,0.0,0.0,1.3834205,0.0,0.0,0.0,0.0,0.0,0.0
0.0,0.36698000000000003,1.1586839,0.0,0.0,0.0,0.0,1.1214095,0.0,0.0,0.0,0.0,0.0,0.0
0.0,0.3415237,0.9080648000000001,0.0,0.0,0.0,0.0,0.8195259,0.0,0.0,0.0,0.0,0.0,0.0
0.0,0.47862977,0.6475319,0.0,0.0,0.0,0.0,0.6165586999999999,0.0,0.0,0.0,0.0,0.0,0.0
0.0,0.43179238,0.8508880999999999,0.0,0.0,0.0,0.0,0.6836890999999999,0.0,0.0,0.0,0.0,0.0,0.0
0.0,0.31849226,1.2505026000000001,0.0,0.0,0.0,0.0,0.9170325,0.0,0.0,0.0,0.0,0.0,0.0
0.0,0.36603009999999997,0.87952393,0.0,0.0,0.0,0.0,0.71775514,0.0,0.0,0.0,0.0,0.0,0.0
0.0,0.25440747,1.287616,0.0,0.0,0.0,0.0,1.0005348,0.0,0.0,0.0,0.0,0.0,0.0
0.0,0.22939539999999997,1.3864012,0.0,0.0,0.0,0.0,1.0192096,0.0,0.0,0.0,0.0,0.0,0.0
0.0,0.20688602,1.4835876000000001,0.0,0.0,0.0,0.0,1.03053,0.0,0.0,0.0,0.0,0.0,0.0
0.0,0.23503104,1.7480971999999997,0.0,0.0,0.0,0.0,1.2913823,0.0,0.0,0.0,0.0,0.0,0.0
0.0,0.30484974,1.3480413,0.0,0.0,0.0,0.0,1.0880961,0.0,0.0,0.0,0.0,0.0,0.0
0.0,0.31455863,1.591969,0.0,0.0,0.0,0.0,1.3409263999999999,0.0,0.0,0.0,0.0,0.0,0.0
0.0,0.36488295,2.028525,0.0,0.0,0.0,0.0,1.7585418000000002,0.0,0.0,0.0,0.0,0.0,0.0
0.0,0.4079144,2.2813525,0.0,0.0,0.0,0.0,2.0125048,0.0,0.0,0.0,0.0,0.0,0.0
0.0,0.36488295,2.028525,0.0,0.0,0.0,0.0,1.7585418000000002,0.0,0.0,0.0,0.0,0.0,0.0
0.0,0.32185143,1.7756976000000002,0.0,0.0,0.0,0.0,1.5045788,0.0,0.0,0.0,0.0,0.0,0.0
0.0,0.27490908,1.831333,0.0,0.0,0.0,0.0,1.4341121000000001,0.0,0.0,0.0,0.0,0.0,0.0
0.0,0.24855326,1.2856796999999998,0.0,0.0,0.0,0.0,0.976504,0.0,0.0,0.0,0.0,0.0,0.0
0.0,0.29078943,0.99759996,0.0,0.0,0.0,0.0,0.7150605999999999,0.0,0.0,0.0,0.0,0.0,0.0
0.0,0.29078943,0.99759996,0.0,0.0,0.0,0.0,0.7150605999999999,0.0,0.0,0.0,0.0,0.0,0.0
0.0,0.30309543,1.1092312,0.0,0.0,0.0,0.0,0.8195104,0.0,0.0,0.0,0.0,0.0,0.0
0.0,0.23617361,1.5148046999999998,0.0,0.0,0.0,0.0,0.9620960999999999,0.0,0.0,0.0,0.0,0.0,0.0
0.0,0.22892767,1.6588393,0.0,0.0,0.0,0.0,0.9677353000000001,0.0,0.0,0.0,0.0,0.0,0.0
0.0,0.27651787,1.2447793,0.0,0.0,0.0,0.0,0.79211277,0.0,0.0,0.0,0.0,0.0,0.0
0.0,0.2573469,1.3996391000000001,0.0,0.0,0.0,0.0,1.0057486999999998,0.0,0.0,0.0,0.0,0.0,0.0
0.0,0.82057154,1.1204233000000001,0.0,0.0,0.15540606,0.0,0.7453632,0.7199701000000001,0.0,0.0,0.0,0.0,0.0
0.0,0.74320847,1.0295100000000001,0.0,0.0,0.17453551,0.0,0.7169379,0.6562884,0.0,0.0,0.0,0.0,0.0
0.0,0.8332690999999999,0.98225605,0.0,0.0,0.16914259,0.0,0.71904063,0.6281846999999999,0.0,0.0,0.0,0.0,0.0
0.0,0.8332690999999999,0.98225605,0.0,0.0,0.16914259,0.0,0.71904063,0.6281846999999999,0.0,0.0,0.0,0.0,0.0
0.0,0.6780053,0.8295741,0.0,0.0,0.18822086,0.0,0.619268,0.49874306,0.0,0.0,0.0,0.0,0.0
0.0,0.6780053,0.8295741,0.0,0.0,0.18822086,0.0,0.619268,0.49874306,0.0,0.0,0.0,0.0,0.0
0.0,0.6712986,0.8942617,0.0,0.0,0.19245544,0.0,0.6554472,0.55366445,0.0,0.0,0.0,0.0,0.0
0.0,0.6712986,0.8942617,0.0,0.0,0.19245544,0.0,0.6554472,0.55366445,0.0,0.0,0.0,0.0,0.0
0.0,0.6778549,0.9489549999999999,0.0,0.0,0.14225739,0.0,0.78769237,0.587526,0.0,0.0,0.0,0.0,0.0
0.0,0.5771204000000001,0.82367253,0.0,0.0,0.14962754,0.0,0.8822264999999999,0.5782286999999999,0.0,0.0,0.0,0.0,0.0
0.0,0.52968466,0.8291029000000001,0.0,0.0,0.11292421,0.0,1.1513853,0.66684496,0.0,0.0,0.027861897000000004,0.0,0.0
0.0,0.4079131,0.7024414999999999,0.0,0.0,0.17307615,0.0,1.6314957,0.74896085,0.0,0.0,0.11475465,0.0,0.0
0.0,0.41488606,0.7485361999999999,0.0,0.0,0.20292956,0.0,1.9530258999999999,0.8888646000000001,0.0,0.0,0.14014481,0.0,0.0
0.0,0.4079131,0.7024414999999999,0.0,0.0,0.17307615,0.0,1.6314957,0.74896085,0.0,0.0,0.11475465,0.0,0.0
0.0,0.43163258,0.67395574,0.0,0.0,0.14875813,0.0,1.2979157,0.6055130999999999,0.0,0.0,0.08055989,0.0,0.0
0.0,0.45708475,0.6291795,0.0,0.0,0.12268295,0.0,0.9404493,0.42370313,0.0,0.0,0.047665894,0.0,0.0
0.0,0.8646178,1.1366608,0.0,0.0,0.13944319,0.0,0.7328266,0.77792394,0.0,0.0,0.0,0.0,0.0
0.0,0.76120496,1.2030077,0.0,0.0,0.23668917,0.0,0.9389030999999999,1.0616007,0.0,0.0,0.0,0.0,0.0
0.0,0.70695317,1.170022,0.0,0.0,0.21292095,0.0,0.91901964,1.0167544,0.0,0.0,0.0,0.0,0.0
0.0,0.64948404,0.9801155,0.0,0.0,0.20402168,0.0,0.77793,0.74530643,0.0,0.0,0.0,0.0,0.0
0.0,0.641951,0.9563098,0.0,0.0,0.18752152,0.0,0.7391213000000001,0.652728,0.0,0.0,0.0,0.0,0.0
0.0,0.6404568,0.9913318999999999,0.0,0.0,0.19480383,0.0,0.79166806,0.723542,0.0,0.0,0.0,0.0,0.0
0.0,0.6384244000000001,1.0237336,0.0,0.0,0.19697754,0.0,0.8492822,0.7928597,0.0,0.0,0.0,0.0,0.0
0.0,0.62094915,1.0386959999999998,0.0,0.0,0.16844557,0.0,1.031878,0.8620167,0.0,0.0,0.0,0.0,0.0
0.0,0.5540035,0.8779795,0.0,0.0,0.15869029999999998,0.0,0.92642516,0.6830975,0.0,0.0,0.003604263,0.0,0.0
0.0,0.52877796,0.8658749,0.0,0.0,0.15472496,0.0,1.193467,0.73876953,0.0,0.0,0.034254827,0.0,0.0
0.0,0.5498013,0.95652074,0.0,0.0,0.07319206,0.0,1.4710647,0.8694921,0.0,0.0,0.036981247,0.0,0.0
0.0,0.49363363,0.94087225,0.0,0.0,0.07369429,0.0,1.8059938000000002,0.9855765999999999,0.0,0.0,0.08117456,0.0,0.0
0.0,0.5498013,0.95652074,0.0,0.0,0.07319206,0.0,1.4710647,0.8694921,0.0,0.0,0.036981247,0.0,0.0
0.0,0.6089945,0.961526,0.0,0.0,0.09357052,0.0,1.1503795,0.7585148,0.0,0.0,0.0,0.0,0.0
0.0,0.70279163,1.0572743,0.0,0.0,0.12896018,0.0,0.9242699000000001,0.7513654000000001,0.0,0.0,0.0,0.0,0.0
0.0,0.65820014,0.92991227,0.0,0.0,0.1715068,0.0,0.68103695,0.5783489,0.0,0.0,0.0,0.0,0.0
0.0,0.57998544,0.78052044,0.0,0.0,0.18230622,0.0,0.5940963,0.45666373,0.0,0.0,0.0,0.0,0.0
0.0,0.57998544,0.78052044,0.0,0.0,0.18230622,0.0,0.5940963,0.45666373,0.0,0.0,0.0,0.0,0.0
0.0,0.6726655,1.1168518,0.0,0.0,0.25358713,0.0,0.9658358,1.0388322,0.0,0.0,0.0,0.0,0.0
0.0,0.7167256,1.3393626,0.0,0.0,0.318339,0.0,1.2409958,1.4257952,0.0,0.0,0.0,0.0,0.0
0.0,0.6701845999999999,1.3862548000000001,0.0,0.0,0.35137440000000003,0.0,1.4190276000000002,1.5869513000000002,0.0,0.0,0.0,0.008802810999999999,0.0
0.0,0.6191930999999999,1.1652183999999999,0.0,0.0,0.27712536,0.0,1.1264535,1.2049276000000002,0.0,0.0,0.0,0.0,0.0
0.0,0.71233124,1.2189043,0.0,0.0,0.26218462,0.0,1.035141,1.1657773999999999,0.0,0.0,0.0,0.0,0.0
0.0,3.0,13.0,4.0,2.0,0.0,0.0,0.0,0.0,0.0,0.0,0.0,0.0,0.0
0.0,3.0,6.0,1.0,0.0,0.0,0.0,0.0,0.0,0.0,0.0,0.0,0.0,0.0
0.0,3.0,8.0,1.0,1.0,0.0,0.0,0.0,0.0,0.0,0.0,0.0,0.0,0.0
0.0,5.0,6.0,1.0,1.0,0.0,0.0,0.0,0.0,0.0,0.0,0.0,0.0,0.0
0.0,4.0,6.0,0.0,2.0,0.0,0.0,0.0,0.0,0.0,2.0,0.0,0.0,0.0
0.0,4.0,6.0,0.0,2.0,0.0,0.0,0.0,0.0,0.0,0.0,0.0,0.0,0.0
0.0,3.0,6.0,0.0,2.0,0.0,0.0,0.0,0.0,0.0,0.0,0.0,0.0,0.0
0.0,3.0,3.0,0.0,1.0,0.0,0.0,0.0,0.0,0.0,0.0,0.0,0.0,0.0
0.0,1.0,4.0,0.0,0.0,0.0,0.0,0.0,0.0,0.0,0.0,0.0,0.0,0.0
0.0,1.0,4.0,3.0,0.0,0.0,0.0,0.0,0.0,0.0,0.0,0.0,0.0,0.0
0.0,3.0,5.0,4.0,1.0,0.0,0.0,0.0,0.0,0.0,0.0,0.0,0.0,0.0
0.0,3.0,7.0,4.0,3.0,0.0,0.0,0.0,0.0,0.0,0.0,0.0,0.0,0.0
0.0,4.0,8.0,3.0,4.0,0.0,0.0,0.0,0.0,0.0,1.0,0.0,0.0,0.0
0.0,6.0,8.0,2.0,5.0,0.0,0.0,0.0,0.0,0.0,2.0,0.0,0.0,0.0
0.0,6.0,8.0,2.0,5.0,0.0,0.0,0.0,0.0,0.0,3.0,0.0,0.0,0.0
0.0,7.0,8.0,1.0,4.0,0.0,0.0,0.0,0.0,0.0,3.0,0.0,0.0,0.0
0.0,5.0,9.0,2.0,3.0,0.0,0.0,0.0,0.0,0.0,3.0,0.0,0.0,0.0
0.0,4.0,11.0,1.0,2.0,0.0,0.0,0.0,0.0,0.0,3.0,0.0,0.0,0.0
0.0,3.0,11.0,1.0,1.0,0.0,0.0,0.0,0.0,0.0,3.0,0.0,0.0,0.0
0.0,3.0,9.0,1.0,0.0,0.0,0.0,0.0,0.0,0.0,3.0,0.0,0.0,0.0
0.0,2.0,9.0,1.0,1.0,0.0,0.0,0.0,0.0,0.0,2.0,0.0,0.0,0.0
0.0,1.0,9.0,1.0,1.0,0.0,0.0,0.0,0.0,0.0,2.0,0.0,0.0,0.0
0.0,1.0,9.0,2.0,1.0,0.0,0.0,0.0,0.0,0.0,1.0,0.0,0.0,0.0
0.0,1.0,7.0,2.0,2.0,0.0,0.0,0.0,0.0,0.0,0.0,0.0,0.0,0.0
0.0,1.0,8.0,1.0,2.0,0.0,0.0,0.0,0.0,0.0,0.0,0.0,0.0,0.0
0.0,2.0,8.0,1.0,2.0,0.0,0.0,0.0,0.0,0.0,0.0,0.0,0.0,0.0
0.0,1.0,7.0,2.0,2.0,0.0,0.0,0.0,0.0,0.0,0.0,0.0,0.0,0.0
0.0,3.0,6.0,2.0,2.0,0.0,0.0,0.0,0.0,0.0,0.0,0.0,0.0,0.0
0.0,2.0,7.0,1.0,2.0,0.0,0.0,0.0,0.0,0.0,1.0,0.0,0.0,0.0
0.0,4.0,8.0,1.0,2.0,0.0,0.0,0.0,0.0,0.0,1.0,0.0,0.0,0.0
0.0,3.0,7.0,2.0,3.0,0.0,0.0,0.0,0.0,0.0,2.0,0.0,0.0,0.0
0.0,3.0,5.0,1.0,2.0,0.0,0.0,0.0,0.0,0.0,1.0,0.0,0.0,0.0
0.0,3.0,6.0,1.0,1.0,0.0,0.0,0.0,0.0,0.0,1.0,0.0,0.0,0.0
0.0,2.0,7.0,2.0,1.0,0.0,0.0,0.0,0.0,0.0,1.0,0.0,0.0,0.0
0.0,3.0,9.0,2.0,1.0,0.0,0.0,0.0,0.0,0.0,0.0,0.0,0.0,0.0
0.0,2.0,8.0,1.0,1.0,0.0,0.0,0.0,0.0,0.0,0.0,0.0,0.0,0.0
0.0,2.0,7.0,1.0,1.0,0.0,0.0,0.0,0.0,0.0,0.0,0.0,0.0,0.0
0.0,4.0,7.0,2.0,1.0,0.0,0.0,0.0,0.0,0.0,0.0,0.0,0.0,0.0
0.0,1.0,5.0,5.0,1.0,0.0,0.0,0.0,0.0,0.0,0.0,0.0,0.0,0.0
0.0,5.71,7.73,3.64,3.61,0.0,0.0,0.0,0.0,0.0,2.52,0.0,0.0,0.0
0.0,3.06,4.04,1.89,1.92,0.0,0.0,0.0,0.0,0.0,1.31,0.0,0.0,0.0
0.0,3.7,4.94,2.32,2.33,0.0,0.0,0.0,0.0,0.0,1.6,0.0,0.0,0.0
0.0,3.5,4.64,2.2,2.19,0.0,0.0,0.0,0.0,0.0,1.54,0.0,0.0,0.0
0.0,3.57,4.73,2.24,2.22,0.0,0.0,0.0,0.0,0.0,1.57,0.0,0.0,0.0
0.0,3.23,4.26,2.0,2.02,0.0,0.0,0.0,0.0,0.0,1.41,0.0,0.0,0.0
0.0,3.04,4.02,1.87,1.9,0.0,0.0,0.0,0.0,0.0,1.31,0.0,0.0,0.0
0.0,2.12,2.71,1.26,1.3,0.0,0.0,0.0,0.0,0.0,0.89,0.0,0.0,0.0
0.0,1.97,2.5,1.13,1.21,0.0,0.0,0.0,0.0,0.0,0.79,0.0,0.0,0.0
0.0,2.48,3.2,1.51,1.56,0.0,0.0,0.0,0.0,0.0,1.04,0.0,0.0,0.0
0.0,3.36,4.45,2.14,2.13,0.0,0.0,0.0,0.0,0.0,1.46,0.0,0.0,0.0
0.0,4.07,5.46,2.62,2.57,0.0,0.0,0.0,0.0,0.0,1.78,0.0,0.0,0.0
0.0,4.61,6.22,2.99,2.9,0.0,0.0,0.0,0.0,0.0,2.03,0.0,0.0,0.0
0.0,5.05,6.81,3.28,3.16,0.0,0.0,0.0,0.0,0.0,2.27,0.0,0.0,0.0
0.0,5.22,7.04,3.4,3.27,0.0,0.0,0.0,0.0,0.0,2.35,0.0,0.0,0.0
0.0,5.16,6.95,3.34,3.24,0.0,0.0,0.0,0.0,0.0,2.34,0.0,0.0,0.0
0.0,5.17,6.98,3.35,3.25,0.0,0.0,0.0,0.0,0.0,2.31,0.0,0.0,0.0
0.0,5.32,7.19,3.42,3.36,0.0,0.0,0.0,0.0,0.0,2.36,0.0,0.0,0.0
0.0,5.07,6.84,3.24,3.2,0.0,0.0,0.0,0.0,0.0,2.23,0.0,0.0,0.0
0.0,4.42,5.93,2.81,2.78,0.0,0.0,0.0,0.0,0.0,1.94,0.0,0.0,0.0
0.0,4.15,5.56,2.62,2.61,0.0,0.0,0.0,0.0,0.0,1.79,0.0,0.0,0.0
0.0,3.97,5.31,2.48,2.49,0.0,0.0,0.0,0.0,0.0,1.7,0.0,0.0,0.0
0.0,3.97,5.3,2.47,2.49,0.0,0.0,0.0,0.0,0.0,1.71,0.0,0.0,0.0
0.0,3.3,4.38,2.03,2.06,0.0,0.0,0.0,0.0,0.0,1.4,0.0,0.0,0.0
0.0,3.42,4.54,2.1,2.14,0.0,0.0,0.0,0.0,0.0,1.45,0.0,0.0,0.0
0.0,3.6,4.8,2.24,2.26,0.0,0.0,0.0,0.0,0.0,1.55,0.0,0.0,0.0
0.0,3.3,4.38,2.03,2.06,0.0,0.0,0.0,0.0,0.0,1.4,0.0,0.0,0.0
0.0,3.37,4.49,2.13,2.11,0.0,0.0,0.0,0.0,0.0,1.46,0.0,0.0,0.0
0.0,3.48,4.64,2.18,2.18,0.0,0.0,0.0,0.0,0.0,1.49,0.0,0.0,0.0
0.0,4.13,5.53,2.62,2.6,0.0,0.0,0.0,0.0,0.0,1.82,0.0,0.0,0.0
0.0,4.08,5.46,2.62,2.55,0.0,0.0,0.0,0.0,0.0,1.78,0.0,0.0,0.0
0.0,3.09,4.09,1.94,1.92,0.0,0.0,0.0,0.0,0.0,1.33,0.0,0.0,0.0
0.0,3.3,4.38,2.07,2.06,0.0,0.0,0.0,0.0,0.0,1.43,0.0,0.0,0.0
0.0,3.58,4.76,2.25,2.24,0.0,0.0,0.0,0.0,0.0,1.54,0.0,0.0,0.0
0.0,4.16,5.57,2.62,2.62,0.0,0.0,0.0,0.0,0.0,1.81,0.0,0.0,0.0
0.0,3.53,4.69,2.18,2.22,0.0,0.0,0.0,0.0,0.0,1.51,0.0,0.0,0.0
0.0,3.24,4.29,1.99,2.03,0.0,0.0,0.0,0.0,0.0,1.38,0.0,0.0,0.0
0.0,3.76,5.03,2.39,2.37,0.0,0.0,0.0,0.0,0.0,1.65,0.0,0.0,0.0
0.0,3.18,4.18,2.0,2.03,0.0,0.0,0.0,0.0,0.0,1.36,0.0,0.0,0.0
0.0,2.62,1.73,3.17,3.97,0.0,0.0,0.0,0.87,0.0,1.79,0.0,0.0,0.0
0.0,1.34,1.08,1.62,2.09,0.0,0.0,0.0,0.3,0.0,1.09,0.0,0.0,0.0
0.0,1.61,1.23,1.95,2.5,0.0,0.0,0.0,0.42,0.0,1.25,0.0,0.0,0.0
0.0,1.61,1.22,1.95,2.5,0.0,0.0,0.0,0.42,0.0,1.24,0.0,0.0,0.0
0.0,1.72,1.28,2.07,2.66,0.0,0.0,0.0,0.46,0.0,1.3,0.0,0.0,0.0
0.0,1.39,1.11,1.68,2.17,0.0,0.0,0.0,0.32,0.0,1.12,0.0,0.0,0.0
0.0,1.26,1.05,1.53,1.99,0.0,0.0,0.0,0.26,0.0,1.05,0.0,0.0,0.0
0.0,0.85,0.84,1.06,1.39,0.0,0.0,0.0,0.08,0.0,0.84,0.0,0.0,0.0
0.0,0.71,0.77,0.87,1.18,0.0,0.0,0.0,0.02,0.0,0.76,0.0,0.0,0.0
0.0,1.07,0.95,1.3,1.7,0.0,0.0,0.0,0.18,0.0,0.94,0.0,0.0,0.0
0.0,1.59,1.21,1.92,2.46,0.0,0.0,0.0,0.41,0.0,1.21,0.0,0.0,0.0
0.0,1.9,1.36,2.29,2.91,0.0,0.0,0.0,0.54,0.0,1.37,0.0,0.0,0.0
0.0,2.22,1.52,2.67,3.38,0.0,0.0,0.0,0.68,0.0,1.55,0.0,0.0,0.0
0.0,2.54,1.69,3.05,3.85,0.0,0.0,0.0,0.82,0.0,1.73,0.0,0.0,0.0
0.0,2.7,1.77,3.25,4.1,0.01,0.0,0.0,0.89,0.0,1.82,0.0,0.0,0.0
0.0,2.68,1.76,3.22,4.07,0.01,0.0,0.0,0.88,0.0,1.81,0.0,0.0,0.0
0.0,2.65,1.74,3.19,4.02,0.01,0.0,0.0,0.87,0.0,1.79,0.0,0.0,0.0
0.0,2.62,1.73,3.15,3.98,0.01,0.0,0.0,0.86,0.0,1.8,0.0,0.0,0.0
0.0,2.46,1.66,2.97,3.75,0.01,0.0,0.0,0.79,0.0,1.73,0.0,0.0,0.0
0.0,2.19,1.52,2.64,3.34,0.0,0.0,0.0,0.68,0.0,1.58,0.0,0.0,0.0
0.0,1.93,1.39,2.33,2.97,0.0,0.0,0.0,0.56,0.0,1.43,0.0,0.0,0.0
0.0,1.8,1.32,2.17,2.78,0.0,0.0,0.0,0.5,0.0,1.37,0.0,0.0,0.0
0.0,1.76,1.3,2.14,2.72,0.0,0.0,0.0,0.49,0.0,1.34,0.0,0.0,0.0
0.0,1.38,1.11,1.67,2.16,0.0,0.0,0.0,0.32,0.0,1.11,0.0,0.0,0.0
0.0,1.38,1.11,1.67,2.16,0.0,0.0,0.0,0.32,0.0,1.12,0.0,0.0,0.0
0.0,1.51,1.17,1.83,2.35,0.0,0.0,0.0,0.37,0.0,1.19,0.0,0.0,0.0
0.0,1.38,1.11,1.67,2.16,0.0,0.0,0.0,0.32,0.0,1.11,0.0,0.0,0.0
0.0,1.51,1.17,1.82,2.34,0.0,0.0,0.0,0.37,0.0,1.17,0.0,0.0,0.0
0.0,1.55,1.19,1.88,2.41,0.0,0.0,0.0,0.39,0.0,1.21,0.0,0.0,0.0
0.0,1.93,1.38,2.32,2.96,0.0,0.0,0.0,0.56,0.0,1.41,0.0,0.0,0.0
0.0,1.99,1.41,2.39,3.05,0.0,0.0,0.0,0.58,0.0,1.43,0.0,0.0,0.0
0.0,1.43,1.13,1.72,2.22,0.0,0.0,0.0,0.34,0.0,1.14,0.0,0.0,0.0
0.0,1.53,1.18,1.84,2.37,0.0,0.0,0.0,0.38,0.0,1.19,0.0,0.0,0.0
0.0,1.65,1.24,1.99,2.54,0.0,0.0,0.0,0.43,0.0,1.26,0.0,0.0,0.0
0.0,1.86,1.35,2.25,2.85,0.0,0.0,0.0,0.53,0.0,1.37,0.0,0.0,0.0
0.0,1.49,1.16,1.8,2.31,0.0,0.0,0.0,0.37,0.0,1.18,0.0,0.0,0.0
0.0,1.36,1.1,1.65,2.13,0.0,0.0,0.0,0.31,0.0,1.11,0.0,0.0,0.0
0.0,1.73,1.28,2.09,2.67,0.0,0.0,0.0,0.47,0.0,1.3,0.0,0.0,0.0
0.0,1.46,1.14,1.77,2.27,0.0,0.0,0.0,0.35,0.0,1.14,0.0,0.0,0.0
0.0,4.22,8.09,3.77,0.0,0.0,0.0,0.0,0.0,0.0,0.0,0.0,0.0,0.0
0.0,2.22,3.89,2.03,0.0,0.0,0.0,0.0,0.0,0.0,0.0,0.0,0.0,0.0
0.0,2.74,4.99,2.49,0.0,0.0,0.0,0.0,0.0,0.0,0.0,0.0,0.0,0.0
0.0,2.58,4.59,2.35,0.0,0.0,0.0,0.0,0.0,0.0,0.0,0.0,0.0,0.0
0.0,2.81,5.1,2.54,0.0,0.0,0.0,0.0,0.0,0.0,0.0,0.0,0.0,0.0
0.0,2.44,4.37,2.23,0.0,0.0,0.0,0.0,0.0,0.0,0.0,0.0,0.0,0.0
0.0,2.31,4.13,2.12,0.0,0.0,0.0,0.0,0.0,0.0,0.0,0.0,0.0,0.0
0.0,1.58,2.59,1.49,0.0,0.0,0.0,0.0,0.0,0.0,0.0,0.0,0.0,0.0
0.0,1.43,2.32,1.35,0.0,0.0,0.0,0.0,0.0,0.0,0.0,0.0,0.0,0.0
0.0,1.76,3.01,1.64,0.0,0.0,0.0,0.0,0.0,0.0,0.0,0.0,0.0,0.0
0.0,2.44,4.4,2.24,0.0,0.0,0.0,0.0,0.0,0.0,0.0,0.0,0.0,0.0
0.0,3.06,5.72,2.78,0.0,0.0,0.0,0.0,0.0,0.0,0.0,0.0,0.0,0.0
0.0,3.58,6.77,3.23,0.0,0.0,0.0,0.0,0.0,0.0,0.0,0.0,0.0,0.0
0.0,4.02,7.62,3.6,0.0,0.0,0.0,0.0,0.0,0.0,0.0,0.0,0.0,0.0
0.0,4.2,7.98,3.75,0.0,0.0,0.0,0.0,0.0,0.0,0.0,0.0,0.0,0.0
0.0,4.12,7.75,3.68,0.0,0.0,0.0,0.0,0.0,0.0,0.0,0.0,0.0,0.0
0.0,4.08,7.71,3.64,0.0,0.0,0.0,0.0,0.0,0.0,0.0,0.0,0.0,0.0
0.0,4.16,7.88,3.7,0.0,0.0,0.0,0.0,0.0,0.0,0.0,0.0,0.0,0.0
0.0,3.93,7.4,3.49,0.0,0.0,0.0,0.0,0.0,0.0,0.0,0.0,0.0,0.0
0.0,3.41,6.29,3.04,0.0,0.0,0.0,0.0,0.0,0.0,0.0,0.0,0.0,0.0
0.0,3.19,5.93,2.87,0.0,0.0,0.0,0.0,0.0,0.0,0.0,0.0,0.0,0.0
0.0,3.06,5.69,2.76,0.0,0.0,0.0,0.0,0.0,0.0,0.0,0.0,0.0,0.0
0.0,2.98,5.56,2.7,0.0,0.0,0.0,0.0,0.0,0.0,0.0,0.0,0.0,0.0
0.0,2.48,4.56,2.27,0.0,0.0,0.0,0.0,0.0,0.0,0.0,0.0,0.0,0.0
0.0,2.58,4.76,2.36,0.0,0.0,0.0,0.0,0.0,0.0,0.0,0.0,0.0,0.0
0.0,2.71,5.0,2.47,0.0,0.0,0.0,0.0,0.0,0.0,0.0,0.0,0.0,0.0
0.0,2.48,4.56,2.27,0.0,0.0,0.0,0.0,0.0,0.0,0.0,0.0,0.0,0.0
0.0,2.53,4.59,2.31,0.0,0.0,0.0,0.0,0.0,0.0,0.0,0.0,0.0,0.0
0.0,2.69,4.93,2.44,0.0,0.0,0.0,0.0,0.0,0.0,0.0,0.0,0.0,0.0
0.0,3.16,5.84,2.85,0.0,0.0,0.0,0.0,0.0,0.0,0.0,0.0,0.0,0.0
0.0,3.21,6.0,2.9,0.0,0.0,0.0,0.0,0.0,0.0,0.0,0.0,0.0,0.0
0.0,2.39,4.3,2.19,0.0,0.0,0.0,0.0,0.0,0.0,0.0,0.0,0.0,0.0
0.0,2.51,4.49,2.28,0.0,0.0,0.0,0.0,0.0,0.0,0.0,0.0,0.0,0.0
0.0,2.69,4.92,2.45,0.0,0.0,0.0,0.0,0.0,0.0,0.0,0.0,0.0,0.0
0.0,3.06,5.66,2.76,0.0,0.0,0.0,0.0,0.0,0.0,0.0,0.0,0.0,0.0
0.0,2.61,4.76,2.38,0.0,0.0,0.0,0.0,0.0,0.0,0.0,0.0,0.0,0.0
0.0,2.4,4.32,2.2,0.0,0.0,0.0,0.0,0.0,0.0,0.0,0.0,0.0,0.0
0.0,2.77,5.02,2.51,0.0,0.0,0.0,0.0,0.0,0.0,0.0,0.0,0.0,0.0
0.0,2.29,4.16,2.11,0.0,0.0,0.0,0.0,0.0,0.0,0.0,0.0,0.0,0.0
0.0,0.0,8.18,0.0,0.0,0.0,0.0,0.0,0.0,0.0,4.93,0.0,0.0,0.0
0.0,0.0,3.57,0.0,0.0,0.0,0.0,0.0,0.0,0.0,2.08,0.0,0.0,0.0
0.0,0.0,4.63,0.0,0.0,0.0,0.0,0.0,0.0,0.0,2.76,0.0,0.0,0.0
0.0,0.0,3.77,0.0,0.0,0.0,0.0,0.0,0.0,0.0,2.23,0.0,0.0,0.0
0.0,0.0,4.21,0.0,0.0,0.0,0.0,0.0,0.0,0.0,2.56,0.0,0.0,0.0
0.0,0.0,3.69,0.0,0.0,0.0,0.0,0.0,0.0,0.0,2.2,0.0,0.0,0.0
0.0,0.0,3.72,0.0,0.0,0.0,0.0,0.0,0.0,0.0,2.22,0.0,0.0,0.0
0.0,0.0,2.27,0.0,0.0,0.0,0.0,0.0,0.0,0.0,1.3,0.0,0.0,0.0
0.0,0.0,2.46,0.0,0.0,0.0,0.0,0.0,0.0,0.0,1.4,0.0,0.0,0.0
0.0,0.0,3.72,0.0,0.0,0.0,0.0,0.0,0.0,0.0,2.14,0.0,0.0,0.0
0.0,0.0,4.76,0.0,0.0,0.0,0.0,0.0,0.0,0.0,2.8,0.0,0.0,0.0
0.0,0.0,6.16,0.0,0.0,0.0,0.0,0.0,0.0,0.0,3.69,0.0,0.0,0.0
0.0,0.0,6.63,0.0,0.0,0.0,0.0,0.0,0.0,0.0,4.03,0.0,0.0,0.0
0.0,0.0,6.66,0.0,0.0,0.0,0.0,0.0,0.0,0.0,4.1,0.0,0.0,0.0
0.0,0.0,6.92,0.0,0.0,0.0,0.0,0.0,0.0,0.0,4.28,0.0,0.0,0.0
0.0,0.0,6.13,0.0,0.0,0.0,0.0,0.0,0.0,0.0,3.8,0.0,0.0,0.0
0.0,0.0,6.73,0.0,0.0,0.0,0.0,0.0,0.0,0.0,4.14,0.0,0.0,0.0
0.0,0.0,6.83,0.0,0.0,0.0,0.0,0.0,0.0,0.0,4.19,0.0,0.0,0.0
0.0,0.0,6.59,0.0,0.0,0.0,0.0,0.0,0.0,0.0,4.03,0.0,0.0,0.0
0.0,0.0,5.53,0.0,0.0,0.0,0.0,0.0,0.0,0.0,3.36,0.0,0.0,0.0
0.0,0.0,5.58,0.0,0.0,0.0,0.0,0.0,0.0,0.0,3.38,0.0,0.0,0.0
0.0,0.0,5.62,0.0,0.0,0.0,0.0,0.0,0.0,0.0,3.4,0.0,0.0,0.0
0.0,0.0,5.79,0.0,0.0,0.0,0.0,0.0,0.0,0.0,3.48,0.0,0.0,0.0
0.0,0.0,5.07,0.0,0.0,0.0,0.0,0.0,0.0,0.0,3.02,0.0,0.0,0.0
0.0,0.0,5.03,0.0,0.0,0.0,0.0,0.0,0.0,0.0,3.01,0.0,0.0,0.0
0.0,0.0,4.98,0.0,0.0,0.0,0.0,0.0,0.0,0.0,2.98,0.0,0.0,0.0
0.0,0.0,5.07,0.0,0.0,0.0,0.0,0.0,0.0,0.0,3.02,0.0,0.0,0.0
0.0,0.0,4.59,0.0,0.0,0.0,0.0,0.0,0.0,0.0,2.73,0.0,0.0,0.0
0.0,0.0,4.84,0.0,0.0,0.0,0.0,0.0,0.0,0.0,2.92,0.0,0.0,0.0
0.0,0.0,5.14,0.0,0.0,0.0,0.0,0.0,0.0,0.0,3.11,0.0,0.0,0.0
0.0,0.0,5.79,0.0,0.0,0.0,0.0,0.0,0.0,0.0,3.53,0.0,0.0,0.0
0.0,0.0,4.02,0.0,0.0,0.0,0.0,0.0,0.0,0.0,2.41,0.0,0.0,0.0
0.0,0.0,4.1,0.0,0.0,0.0,0.0,0.0,0.0,0.0,2.45,0.0,0.0,0.0
0.0,0.0,4.97,0.0,0.0,0.0,0.0,0.0,0.0,0.0,2.97,0.0,0.0,0.0
0.0,0.0,5.45,0.0,0.0,0.0,0.0,0.0,0.0,0.0,3.25,0.0,0.0,0.0
0.0,0.0,4.67,0.0,0.0,0.0,0.0,0.0,0.0,0.0,2.78,0.0,0.0,0.0
0.0,0.0,4.28,0.0,0.0,0.0,0.0,0.0,0.0,0.0,2.54,0.0,0.0,0.0
0.0,0.0,4.62,0.0,0.0,0.0,0.0,0.0,0.0,0.0,2.74,0.0,0.0,0.0
0.0,0.0,5.29,0.0,0.0,0.0,0.0,0.0,0.0,0.0,3.1,0.0,0.0,0.0
0.0,0.0,1.16,2.12,0.0,0.0,0.0,0.0,0.0,0.0,1.94,0.0,0.0,0.0
0.0,0.0,0.7,0.98,0.0,0.0,0.0,0.0,0.0,0.0,0.96,0.02,0.0,0.0
0.0,0.0,0.84,1.22,0.0,0.0,0.0,0.0,0.0,0.0,1.19,0.02,0.0,0.0
0.0,0.0,0.81,1.07,0.0,0.0,0.0,0.0,0.0,0.0,1.09,0.03,0.0,0.0
0.0,0.0,0.93,1.24,0.0,0.0,0.0,0.0,0.0,0.0,1.26,0.04,0.0,0.0
0.0,0.0,0.79,1.0,0.0,0.0,0.0,0.0,0.0,0.0,1.02,0.05,0.0,0.0
0.0,0.0,0.74,0.99,0.0,0.0,0.0,0.0,0.0,0.0,0.99,0.03,0.0,0.0
0.0,0.0,0.54,0.7,0.0,0.0,0.0,0.0,0.0,0.0,0.69,0.01,0.0,0.0
0.0,0.0,0.5,0.73,0.0,0.0,0.0,0.0,0.0,0.0,0.68,0.0,0.0,0.0
0.0,0.0,0.43,1.2,0.0,0.0,0.0,0.0,0.0,0.0,0.87,0.0,0.0,0.0
0.0,0.0,0.62,1.48,0.0,0.0,0.0,0.0,0.0,0.0,1.15,0.0,0.0,0.0
0.0,0.0,0.8,1.75,0.0,0.0,0.0,0.0,0.0,0.0,1.45,0.0,0.0,0.0
0.0,0.0,1.02,1.83,0.0,0.0,0.0,0.0,0.0,0.0,1.69,0.0,0.0,0.0
0.0,0.0,1.2,1.9,0.0,0.0,0.0,0.0,0.0,0.0,1.84,0.0,0.0,0.0
0.0,0.0,1.28,2.02,0.0,0.0,0.0,0.0,0.0,0.0,1.96,0.0,0.0,0.0
0.0,0.0,1.3,1.82,0.0,0.0,0.0,0.0,0.0,0.0,1.86,0.02,0.0,0.0
0.0,0.0,1.25,1.95,0.0,0.0,0.0,0.0,0.0,0.0,1.9,0.0,0.0,0.0
0.0,0.0,1.31,1.89,0.0,0.0,0.0,0.0,0.0,0.0,1.89,0.05,0.0,0.0
0.0,0.0,1.25,1.83,0.0,0.0,0.0,0.0,0.0,0.0,1.81,0.04,0.0,0.0
0.0,0.0,1.1,1.59,0.0,0.0,0.0,0.0,0.0,0.0,1.58,0.03,0.0,0.0
0.0,0.0,1.01,1.55,0.0,0.0,0.0,0.0,0.0,0.0,1.49,0.0,0.0,0.0
0.0,0.0,0.96,1.56,0.0,0.0,0.0,0.0,0.0,0.0,1.47,0.0,0.0,0.0
0.0,0.0,0.88,1.57,0.0,0.0,0.0,0.0,0.0,0.0,1.44,0.0,0.0,0.0
0.0,0.0,0.71,1.33,0.0,0.0,0.0,0.0,0.0,0.0,1.18,0.0,0.0,0.0
0.0,0.0,0.78,1.3,0.0,0.0,0.0,0.0,0.0,0.0,1.19,0.0,0.0,0.0
0.0,0.0,0.82,1.29,0.0,0.0,0.0,0.0,0.0,0.0,1.22,0.0,0.0,0.0
0.0,0.0,0.71,1.33,0.0,0.0,0.0,0.0,0.0,0.0,1.18,0.0,0.0,0.0
0.0,0.0,0.74,1.26,0.0,0.0,0.0,0.0,0.0,0.0,1.16,0.0,0.0,0.0
0.0,0.0,0.83,1.31,0.0,0.0,0.0,0.0,0.0,0.0,1.25,0.0,0.0,0.0
0.0,0.0,0.98,1.41,0.0,0.0,0.0,0.0,0.0,0.0,1.4,0.02,0.0,0.0
0.0,0.0,0.97,1.65,0.0,0.0,0.0,0.0,0.0,0.0,1.55,0.0,0.0,0.0
0.0,0.0,0.75,1.17,0.0,0.0,0.0,0.0,0.0,0.0,1.11,0.0,0.0,0.0
0.0,0.0,0.8,1.17,0.0,0.0,0.0,0.0,0.0,0.0,1.14,0.0,0.0,0.0
0.0,0.0,0.81,1.38,0.0,0.0,0.0,0.0,0.0,0.0,1.28,0.0,0.0,0.0
0.0,0.0,0.91,1.44,0.0,0.0,0.0,0.0,0.0,0.0,1.36,0.0,0.0,0.0
0.0,0.0,0.8,1.23,0.0,0.0,0.0,0.0,0.0,0.0,1.17,0.0,0.0,0.0
0.0,0.0,0.74,1.14,0.0,0.0,0.0,0.0,0.0,0.0,1.08,0.0,0.0,0.0
0.0,0.0,0.83,1.27,0.0,0.0,0.0,0.0,0.0,0.0,1.22,0.0,0.0,0.0
0.0,0.0,0.48,1.68,0.0,0.0,0.0,0.0,0.0,0.0,1.12,0.0,0.0,0.0
0.0,0.0,4.0,1.0,0.0,1.0,0.0,0.0,0.0,0.0,5.0,0.0,2.0,0.0
0.0,0.0,3.0,0.0,0.0,0.0,0.0,0.0,0.0,0.0,5.0,0.0,2.0,0.0
0.0,0.0,3.0,0.0,0.0,0.0,0.0,0.0,0.0,0.0,3.0,0.0,0.0,0.0
0.0,0.0,3.0,0.0,0.0,1.0,0.0,0.0,0.0,0.0,3.0,0.0,0.0,0.0
0.0,0.0,2.0,0.0,0.0,1.0,0.0,0.0,0.0,0.0,3.0,0.0,0.0,0.0
0.0,0.0,3.0,0.0,0.0,1.0,0.0,0.0,0.0,0.0,4.0,0.0,0.0,0.0
0.0,0.0,4.0,0.0,0.0,1.0,0.0,0.0,0.0,0.0,4.0,0.0,0.0,0.0
0.0,0.0,3.0,0.0,0.0,0.0,0.0,0.0,0.0,0.0,5.0,0.0,0.0,0.0
0.0,0.0,4.0,0.0,0.0,0.0,0.0,0.0,0.0,0.0,5.0,0.0,0.0,0.0
0.0,0.0,4.0,0.0,0.0,0.0,0.0,0.0,0.0,0.0,4.0,0.0,0.0,0.0
0.0,0.0,3.0,0.0,0.0,0.0,0.0,0.0,0.0,0.0,4.0,0.0,0.0,0.0
0.0,0.0,2.0,0.0,0.0,0.0,0.0,0.0,0.0,0.0,3.0,0.0,0.0,0.0
0.0,0.0,2.0,1.0,0.0,0.0,0.0,0.0,0.0,0.0,0.0,0.0,0.0,0.0
0.0,0.0,0.0,0.0,0.0,0.0,0.0,0.0,0.0,0.0,3.0,0.0,0.0,0.0
0.0,0.0,1.0,0.0,0.0,0.0,0.0,0.0,0.0,0.0,6.0,0.0,0.0,0.0
0.0,0.0,2.0,0.0,0.0,0.0,0.0,0.0,0.0,0.0,4.0,0.0,0.0,0.0
0.0,0.0,1.0,0.0,0.0,0.0,0.0,0.0,0.0,0.0,4.0,0.0,0.0,0.0
0.0,0.0,2.0,0.0,0.0,0.0,0.0,0.0,0.0,0.0,5.0,0.0,0.0,0.0
0.0,0.0,3.0,0.0,0.0,0.0,0.0,0.0,0.0,0.0,5.0,1.0,0.0,0.0
0.0,0.0,3.0,0.0,0.0,0.0,0.0,0.0,0.0,0.0,6.0,1.0,0.0,0.0
0.0,0.0,3.0,0.0,0.0,0.0,0.0,0.0,0.0,0.0,5.0,1.0,0.0,0.0
0.0,0.0,2.0,0.0,0.0,0.0,0.0,0.0,0.0,0.0,3.0,0.0,0.0,0.0
0.0,0.0,2.0,0.0,0.0,0.0,0.0,0.0,0.0,0.0,3.0,2.0,0.0,0.0
0.0,0.0,1.0,0.0,0.0,0.0,0.0,0.0,0.0,0.0,4.0,1.0,0.0,0.0
0.0,0.0,2.0,0.0,0.0,0.0,0.0,0.0,0.0,0.0,3.0,2.0,0.0,0.0
0.0,0.0,3.0,0.0,0.0,0.0,0.0,0.0,0.0,0.0,3.0,2.0,0.0,0.0
0.0,0.0,2.0,0.0,0.0,0.0,0.0,0.0,0.0,0.0,4.0,1.0,2.0,0.0
0.0,0.0,3.0,0.0,0.0,0.0,0.0,0.0,0.0,0.0,2.0,2.0,1.0,0.0
0.0,0.0,2.0,0.0,0.0,0.0,0.0,0.0,0.0,0.0,2.0,2.0,0.0,0.0
0.0,0.0,3.0,0.0,0.0,0.0,0.0,0.0,0.0,0.0,2.0,2.0,0.0,0.0
0.0,0.0,2.0,0.0,0.0,0.0,0.0,0.0,0.0,0.0,0.0,0.0,0.0,0.0
0.0,0.0,3.0,0.0,0.0,0.0,0.0,0.0,0.0,0.0,2.0,2.0,0.0,0.0
0.0,0.0,2.0,0.0,0.0,0.0,0.0,0.0,0.0,0.0,4.0,2.0,0.0,0.0
0.0,0.0,2.0,0.0,0.0,0.0,0.0,0.0,0.0,0.0,5.0,2.0,0.0,0.0
0.0,0.0,2.0,0.0,0.0,0.0,0.0,0.0,0.0,2.0,3.0,0.0,0.0,0.0
0.0,0.0,2.0,0.0,0.0,0.0,0.0,0.0,0.0,2.0,2.0,0.0,0.0,0.0
0.0,0.0,2.0,0.0,0.0,0.0,0.0,0.0,0.0,2.0,2.0,0.0,1.0,0.0
0.0,0.0,2.0,0.0,0.0,0.0,0.0,0.0,0.0,3.0,2.0,0.0,1.0,0.0
0.0,0.0,1.0,1.0,0.0,0.0,0.0,0.0,0.0,0.0,1.0,0.0,0.0,0.0
0.0,0.0,2.0,1.0,0.0,1.0,0.0,0.0,0.0,0.0,4.0,0.0,2.0,0.0
0.0,0.0,4.29,0.0,0.0,0.0,0.16,0.0,0.0,0.0,5.04,1.03,0.0,0.0
0.0,0.0,3.41,0.0,0.0,0.0,0.14,0.0,0.0,0.0,4.17,0.87,0.0,0.0
0.0,0.0,2.59,0.0,0.0,0.0,0.0,0.0,0.0,0.0,2.97,0.66,0.0,0.0
0.0,0.0,2.87,0.0,0.0,0.0,0.0,0.0,0.0,0.0,3.22,0.71,0.0,0.0
0.0,0.0,2.47,0.0,0.0,0.0,0.0,0.0,0.0,0.0,2.78,0.63,0.0,0.0
0.0,0.0,3.06,0.0,0.0,0.0,0.03,0.0,0.0,0.0,3.52,0.76,0.0,0.0
0.0,0.0,3.47,0.0,0.0,0.0,0.05,0.0,0.0,0.0,3.94,0.84,0.0,0.0
0.0,0.0,2.96,0.0,0.0,0.0,0.08,0.0,0.0,0.0,3.59,0.76,0.0,0.0
0.0,0.0,3.36,0.0,0.0,0.0,0.11,0.0,0.0,0.0,4.01,0.84,0.0,0.0
0.0,0.0,3.17,0.0,0.0,0.0,0.06,0.0,0.0,0.0,3.71,0.79,0.0,0.0
0.0,0.0,2.77,0.0,0.0,0.0,0.04,0.0,0.0,0.0,3.28,0.71,0.0,0.0
0.0,0.0,2.19,0.0,0.0,0.0,0.0,0.0,0.0,0.0,2.55,0.58,0.0,0.0
0.0,0.0,1.88,0.0,0.0,0.0,0.0,0.0,0.0,0.0,1.69,0.47,0.0,0.0
0.0,0.0,1.42,0.0,0.0,0.0,0.0,0.0,0.0,0.0,1.7,0.42,0.0,0.0
0.0,0.0,2.43,0.0,0.0,0.0,0.06,0.0,0.0,0.0,3.08,0.67,0.0,0.0
0.0,0.0,2.38,0.0,0.0,0.0,0.0,0.0,0.0,0.0,2.85,0.63,0.0,0.0
0.0,0.0,1.98,0.0,0.0,0.0,0.0,0.0,0.0,0.0,2.42,0.55,0.0,0.0
0.0,0.0,2.56,0.0,0.0,0.0,0.05,0.0,0.0,0.0,3.16,0.68,0.0,0.0
0.0,0.0,3.21,0.0,0.0,0.0,0.09,0.0,0.0,0.0,3.78,0.81,0.0,0.0
0.0,0.0,3.39,0.0,0.0,0.0,0.14,0.0,0.0,0.0,4.08,0.86,0.0,0.0
0.0,0.0,3.21,0.0,0.0,0.0,0.09,0.0,0.0,0.0,3.78,0.81,0.0,0.0
0.0,0.0,2.19,0.0,0.0,0.0,0.0,0.0,0.0,0.0,2.55,0.58,0.0,0.0
0.0,0.0,2.71,0.0,0.0,0.0,0.0,0.0,0.0,0.0,2.94,0.68,0.0,0.0
0.0,0.0,2.23,0.0,0.0,0.0,0.0,0.0,0.0,0.0,2.61,0.6,0.0,0.0
0.0,0.0,2.71,0.0,0.0,0.0,0.0,0.0,0.0,0.0,2.94,0.68,0.0,0.0
0.0,0.0,3.1,0.0,0.0,0.0,0.01,0.0,0.0,0.0,3.37,0.76,0.0,0.0
0.0,0.0,3.09,0.0,0.0,0.0,0.07,0.0,0.0,0.0,3.63,0.79,0.0,0.0
0.0,0.0,3.15,0.0,0.0,0.0,0.0,0.0,0.0,0.0,3.36,0.77,0.0,0.0
0.0,0.0,2.53,0.0,0.0,0.0,0.0,0.0,0.0,0.0,2.64,0.64,0.0,0.0
0.0,0.0,2.92,0.0,0.0,0.0,0.0,0.0,0.0,0.0,3.07,0.71,0.0,0.0
0.0,0.0,1.68,0.0,0.0,0.0,0.0,0.0,0.0,0.0,1.5,0.42,0.0,0.0
0.0,0.0,2.92,0.0,0.0,0.0,0.0,0.0,0.0,0.0,3.07,0.71,0.0,0.0
0.0,0.0,2.89,0.0,0.0,0.0,0.02,0.0,0.0,0.0,3.24,0.73,0.0,0.0
0.0,0.0,3.07,0.0,0.0,0.0,0.07,0.0,0.0,0.0,3.54,0.78,0.0,0.0
0.0,0.0,2.62,0.0,0.0,0.0,0.0,0.0,0.0,0.0,3.11,0.66,0.0,0.0
0.0,0.0,2.44,0.0,0.0,0.0,0.0,0.0,0.0,0.0,2.79,0.61,0.0,0.0
0.0,0.0,2.67,0.0,0.0,0.0,0.0,0.0,0.0,0.0,3.11,0.66,0.0,0.0
0.0,0.0,2.89,0.0,0.0,0.0,0.0,0.0,0.0,0.0,3.39,0.7,0.0,0.0
0.0,0.0,1.66,0.0,0.0,0.0,0.0,0.0,0.0,0.0,1.69,0.45,0.0,0.0
0.0,0.0,3.29,0.0,0.0,0.0,0.07,0.0,0.0,0.0,3.89,0.82,0.0,0.0
0.0,0.0,3.44,0.0,0.0,0.38,0.0,0.0,0.0,0.0,5.1,0.73,0.0,0.0
0.0,0.0,3.01,0.0,0.0,0.33,0.0,0.0,0.0,0.0,4.55,0.67,0.0,0.0
0.0,0.0,2.19,0.05,0.0,0.25,0.0,0.0,0.0,0.0,3.41,0.5,0.0,0.0
0.0,0.0,2.31,0.03,0.0,0.27,0.0,0.0,0.0,0.0,3.57,0.51,0.0,0.0
0.0,0.0,2.06,0.06,0.0,0.24,0.0,0.0,0.0,0.0,3.24,0.49,0.0,0.0
0.0,0.0,2.61,0.01,0.0,0.31,0.0,0.0,0.0,0.0,3.99,0.58,0.0,0.0
0.0,0.0,2.87,0.0,0.0,0.33,0.0,0.0,0.0,0.0,4.32,0.6,0.0,0.0
0.0,0.0,2.79,0.0,0.0,0.33,0.0,0.0,0.0,0.0,4.27,0.65,0.0,0.0
0.0,0.0,3.05,0.0,0.0,0.36,0.0,0.0,0.0,0.0,4.59,0.67,0.0,0.0
0.0,0.0,2.75,0.0,0.0,0.32,0.0,0.0,0.0,0.0,4.16,0.59,0.0,0.0
0.0,0.0,2.49,0.02,0.0,0.29,0.0,0.0,0.0,0.0,3.84,0.57,0.0,0.0
0.0,0.0,1.93,0.08,0.0,0.23,0.0,0.0,0.0,0.0,3.09,0.48,0.0,0.0
0.0,0.0,1.08,0.15,0.0,0.1,0.0,0.0,0.0,0.0,1.89,0.27,0.0,0.0
0.0,0.0,1.43,0.13,0.0,0.17,0.0,0.0,0.0,0.0,2.45,0.43,0.0,0.0
0.0,0.0,2.57,0.02,0.0,0.33,0.0,0.0,0.0,0.0,4.04,0.69,0.0,0.0
0.0,0.0,2.23,0.05,0.0,0.27,0.0,0.0,0.0,0.0,3.52,0.55,0.0,0.0
0.0,0.0,1.97,0.08,0.0,0.24,0.0,0.0,0.0,0.0,3.19,0.54,0.0,0.0
0.0,0.0,2.53,0.02,0.0,0.31,0.0,0.0,0.0,0.0,3.94,0.63,0.0,0.0
0.0,0.0,2.92,0.0,0.0,0.36,0.0,0.0,0.0,0.0,4.47,0.7,0.0,0.0
0.0,0.0,3.21,0.0,0.0,0.4,0.0,0.0,0.0,0.0,4.9,0.77,0.0,0.0
0.0,0.0,2.92,0.0,0.0,0.36,0.0,0.0,0.0,0.0,4.47,0.7,0.0,0.0
0.0,0.0,1.93,0.08,0.0,0.23,0.0,0.0,0.0,0.0,3.09,0.48,0.0,0.0
0.0,0.0,2.19,0.06,0.0,0.28,0.0,0.0,0.0,0.0,3.5,0.58,0.0,0.0
0.0,0.0,2.1,0.07,0.0,0.27,0.0,0.0,0.0,0.0,3.39,0.59,0.0,0.0
0.0,0.0,2.19,0.06,0.0,0.28,0.0,0.0,0.0,0.0,3.5,0.58,0.0,0.0
0.0,0.0,2.45,0.03,0.0,0.31,0.0,0.0,0.0,0.0,3.83,0.6,0.0,0.0
0.0,0.0,2.58,0.02,0.0,0.29,0.0,0.0,0.0,0.0,4.0,0.62,0.0,0.0
0.0,0.0,2.27,0.04,0.0,0.27,0.0,0.0,0.0,0.0,3.55,0.54,0.0,0.0
0.0,0.0,1.9,0.08,0.0,0.25,0.0,0.0,0.0,0.0,3.08,0.51,0.0,0.0
0.0,0.0,2.16,0.05,0.0,0.28,0.0,0.0,0.0,0.0,3.41,0.53,0.0,0.0
0.0,0.0,1.04,0.16,0.0,0.09,0.0,0.0,0.0,0.0,1.81,0.25,0.0,0.0
0.0,0.0,2.16,0.05,0.0,0.28,0.0,0.0,0.0,0.0,3.41,0.53,0.0,0.0
0.0,0.0,2.49,0.03,0.0,0.32,0.0,0.0,0.0,0.0,3.92,0.65,0.0,0.0
0.0,0.0,2.78,0.0,0.0,0.37,0.0,0.0,0.0,0.0,4.35,0.73,0.0,0.0
0.0,0.0,2.38,0.03,0.0,0.24,0.0,0.0,0.0,0.0,3.61,0.45,0.0,0.0
0.0,0.0,2.08,0.06,0.0,0.2,0.0,0.0,0.0,0.0,3.18,0.38,0.0,0.0
0.0,0.0,2.2,0.05,0.0,0.21,0.0,0.0,0.0,0.0,3.34,0.4,0.0,0.0
0.0,0.0,2.44,0.02,0.0,0.23,0.0,0.0,0.01,0.0,3.64,0.42,0.0,0.0
0.0,0.0,1.11,0.15,0.0,0.11,0.0,0.0,0.0,0.0,1.98,0.32,0.0,0.0
0.0,0.0,2.63,0.01,0.0,0.29,0.0,0.0,0.0,0.0,4.03,0.61,0.0,0.0
0.0,0.0,2.52,0.0,0.0,0.0,0.0,0.0,0.0,0.0,3.18,0.85,0.36,0.0
0.0,0.0,2.02,0.0,0.0,0.0,0.0,0.0,0.0,0.0,2.59,0.76,0.34,0.0
0.0,0.0,1.45,0.0,0.0,0.0,0.0,0.0,0.0,0.0,1.88,0.63,0.32,0.0
0.0,0.0,1.66,0.0,0.0,0.0,0.0,0.0,0.0,0.0,2.14,0.67,0.35,0.0
0.0,0.0,1.49,0.0,0.0,0.0,0.0,0.0,0.0,0.0,1.93,0.63,0.34,0.0
0.0,0.0,1.85,0.0,0.0,0.0,0.0,0.0,0.0,0.0,2.38,0.72,0.36,0.0
0.0,0.0,2.02,0.0,0.0,0.0,0.0,0.0,0.0,0.0,2.59,0.76,0.36,0.0
0.0,0.0,1.81,0.0,0.0,0.0,0.0,0.0,0.0,0.0,2.35,0.73,0.34,0.0
0.0,0.0,1.98,0.0,0.0,0.0,0.0,0.0,0.0,0.0,2.56,0.77,0.34,0.0
0.0,0.0,1.8,0.0,0.0,0.0,0.0,0.0,0.0,0.0,2.33,0.72,0.33,0.0
0.0,0.0,1.63,0.0,0.0,0.0,0.0,0.0,0.0,0.0,2.12,0.68,0.33,0.0
0.0,0.0,1.28,0.01,0.0,0.0,0.0,0.0,0.0,0.0,1.67,0.59,0.31,0.0
0.0,0.0,0.84,0.08,0.0,0.0,0.0,0.0,0.0,0.0,1.08,0.45,0.27,0.0
0.0,0.0,0.94,0.02,0.0,0.0,0.0,0.0,0.0,0.0,1.25,0.51,0.31,0.0
0.0,0.0,1.66,0.0,0.0,0.0,0.0,0.0,0.0,0.0,2.18,0.71,0.34,0.0
0.0,0.0,1.46,0.0,0.0,0.0,0.0,0.0,0.0,0.0,1.91,0.64,0.33,0.0
0.0,0.0,1.29,0.0,0.0,0.0,0.0,0.0,0.0,0.0,1.7,0.6,0.32,0.0
0.0,0.0,1.64,0.0,0.0,0.0,0.0,0.0,0.0,0.0,2.15,0.69,0.34,0.0
0.0,0.0,1.91,0.0,0.0,0.0,0.0,0.0,0.0,0.0,2.5,0.77,0.34,0.0
0.0,0.0,2.09,0.0,0.0,0.0,0.0,0.0,0.0,0.0,2.74,0.82,0.35,0.0
0.0,0.0,1.91,0.0,0.0,0.0,0.0,0.0,0.0,0.0,2.5,0.77,0.34,0.0
0.0,0.0,1.28,0.01,0.0,0.0,0.0,0.0,0.0,0.0,1.67,0.59,0.31,0.0
0.0,0.0,1.48,0.0,0.0,0.0,0.0,0.0,0.0,0.0,1.96,0.67,0.32,0.0
0.0,0.0,1.39,0.0,0.0,0.0,0.0,0.0,0.0,0.0,1.84,0.64,0.32,0.0
0.0,0.0,1.48,0.0,0.0,0.0,0.0,0.0,0.0,0.0,1.96,0.67,0.32,0.0
0.0,0.0,1.65,0.0,0.0,0.0,0.0,0.0,0.0,0.0,2.17,0.71,0.32,0.0
0.0,0.0,1.76,0.0,0.0,0.0,0.0,0.0,0.0,0.0,2.28,0.7,0.33,0.0
0.0,0.0,1.57,0.0,0.0,0.0,0.0,0.0,0.0,0.0,2.04,0.67,0.31,0.0
0.0,0.0,1.3,0.0,0.0,0.0,0.0,0.0,0.0,0.0,1.72,0.62,0.31,0.0
0.0,0.0,1.47,0.0,0.0,0.0,0.0,0.0,0.0,0.0,1.93,0.66,0.31,0.0
0.0,0.0,0.7,0.07,0.0,0.0,0.0,0.0,0.0,0.0,0.93,0.43,0.28,0.0
0.0,0.0,1.47,0.0,0.0,0.0,0.0,0.0,0.0,0.0,1.93,0.66,0.31,0.0
0.0,0.0,1.66,0.0,0.0,0.0,0.0,0.0,0.0,0.0,2.19,0.72,0.33,0.0
0.0,0.0,1.84,0.0,0.0,0.0,0.0,0.0,0.0,0.0,2.43,0.77,0.34,0.0
0.0,0.0,1.51,0.0,0.0,0.0,0.0,0.0,0.0,0.0,2.02,0.66,0.4,0.0
0.0,0.0,1.33,0.0,0.0,0.0,0.0,0.0,0.0,0.0,1.78,0.6,0.39,0.0
0.0,0.0,1.43,0.0,0.0,0.0,0.0,0.0,0.0,0.0,1.9,0.62,0.4,0.0
0.0,0.0,1.55,0.0,0.0,0.0,0.0,0.0,0.0,0.0,2.07,0.65,0.44,0.0
0.0,0.0,0.86,0.07,0.0,0.0,0.0,0.0,0.0,0.0,1.11,0.46,0.28,0.0
0.0,0.0,2.0,0.0,0.0,0.0,0.0,0.0,0.0,0.0,2.53,0.72,0.34,0.0
0.0,0.0,2.52,0.0,0.0,0.0,0.0,0.0,0.0,0.0,3.18,0.85,0.36,0.0
0.0,0.0,2.02,0.0,0.0,0.0,0.0,0.0,0.0,0.0,2.59,0.76,0.34,0.0
0.0,0.0,1.45,0.0,0.0,0.0,0.0,0.0,0.0,0.0,1.88,0.63,0.32,0.0
0.0,0.0,1.66,0.0,0.0,0.0,0.0,0.0,0.0,0.0,2.14,0.67,0.35,0.0
0.0,0.0,1.49,0.0,0.0,0.0,0.0,0.0,0.0,0.0,1.93,0.63,0.34,0.0
0.0,0.0,1.85,0.0,0.0,0.0,0.0,0.0,0.0,0.0,2.38,0.72,0.36,0.0
0.0,0.0,2.02,0.0,0.0,0.0,0.0,0.0,0.0,0.0,2.59,0.76,0.36,0.0
0.0,0.0,1.81,0.0,0.0,0.0,0.0,0.0,0.0,0.0,2.35,0.73,0.34,0.0
0.0,0.0,1.98,0.0,0.0,0.0,0.0,0.0,0.0,0.0,2.56,0.77,0.34,0.0
0.0,0.0,1.8,0.0,0.0,0.0,0.0,0.0,0.0,0.0,2.33,0.72,0.33,0.0
0.0,0.0,1.63,0.0,0.0,0.0,0.0,0.0,0.0,0.0,2.12,0.68,0.33,0.0
0.0,0.0,1.28,0.01,0.0,0.0,0.0,0.0,0.0,0.0,1.67,0.59,0.31,0.0
0.0,0.0,0.84,0.08,0.0,0.0,0.0,0.0,0.0,0.0,1.08,0.45,0.27,0.0
0.0,0.0,0.94,0.02,0.0,0.0,0.0,0.0,0.0,0.0,1.25,0.51,0.31,0.0
0.0,0.0,1.66,0.0,0.0,0.0,0.0,0.0,0.0,0.0,2.18,0.71,0.34,0.0
0.0,0.0,1.46,0.0,0.0,0.0,0.0,0.0,0.0,0.0,1.91,0.64,0.33,0.0
0.0,0.0,1.29,0.0,0.0,0.0,0.0,0.0,0.0,0.0,1.7,0.6,0.32,0.0
0.0,0.0,1.64,0.0,0.0,0.0,0.0,0.0,0.0,0.0,2.15,0.69,0.34,0.0
0.0,0.0,1.91,0.0,0.0,0.0,0.0,0.0,0.0,0.0,2.5,0.77,0.34,0.0
0.0,0.0,2.09,0.0,0.0,0.0,0.0,0.0,0.0,0.0,2.74,0.82,0.35,0.0
0.0,0.0,1.91,0.0,0.0,0.0,0.0,0.0,0.0,0.0,2.5,0.77,0.34,0.0
0.0,0.0,1.28,0.01,0.0,0.0,0.0,0.0,0.0,0.0,1.67,0.59,0.31,0.0
0.0,0.0,1.48,0.0,0.0,0.0,0.0,0.0,0.0,0.0,1.96,0.67,0.32,0.0
0.0,0.0,1.39,0.0,0.0,0.0,0.0,0.0,0.0,0.0,1.84,0.64,0.32,0.0
0.0,0.0,1.48,0.0,0.0,0.0,0.0,0.0,0.0,0.0,1.96,0.67,0.32,0.0
0.0,0.0,1.65,0.0,0.0,0.0,0.0,0.0,0.0,0.0,2.17,0.71,0.32,0.0
0.0,0.0,1.76,0.0,0.0,0.0,0.0,0.0,0.0,0.0,2.28,0.7,0.33,0.0
0.0,0.0,1.57,0.0,0.0,0.0,0.0,0.0,0.0,0.0,2.04,0.67,0.31,0.0
0.0,0.0,1.3,0.0,0.0,0.0,0.0,0.0,0.0,0.0,1.72,0.62,0.31,0.0
0.0,0.0,1.47,0.0,0.0,0.0,0.0,0.0,0.0,0.0,1.93,0.66,0.31,0.0
0.0,0.0,0.7,0.07,0.0,0.0,0.0,0.0,0.0,0.0,0.93,0.43,0.28,0.0
0.0,0.0,1.47,0.0,0.0,0.0,0.0,0.0,0.0,0.0,1.93,0.66,0.31,0.0
0.0,0.0,1.66,0.0,0.0,0.0,0.0,0.0,0.0,0.0,2.19,0.72,0.33,0.0
0.0,0.0,1.84,0.0,0.0,0.0,0.0,0.0,0.0,0.0,2.43,0.77,0.34,0.0
0.0,0.0,1.51,0.0,0.0,0.0,0.0,0.0,0.0,0.0,2.02,0.66,0.4,0.0
0.0,0.0,1.33,0.0,0.0,0.0,0.0,0.0,0.0,0.0,1.78,0.6,0.39,0.0
0.0,0.0,1.43,0.0,0.0,0.0,0.0,0.0,0.0,0.0,1.9,0.62,0.4,0.0
0.0,0.0,1.55,0.0,0.0,0.0,0.0,0.0,0.0,0.0,2.07,0.65,0.44,0.0
0.0,0.0,0.86,0.07,0.0,0.0,0.0,0.0,0.0,0.0,1.11,0.46,0.28,0.0
0.0,0.0,2.0,0.0,0.0,0.0,0.0,0.0,0.0,0.0,2.53,0.72,0.34,0.0
0.0,0.0,2.52,0.0,0.0,0.0,0.0,0.0,0.0,0.0,3.18,0.85,0.36,0.0
0.0,0.0,2.02,0.0,0.0,0.0,0.0,0.0,0.0,0.0,2.59,0.76,0.34,0.0
0.0,0.0,1.45,0.0,0.0,0.0,0.0,0.0,0.0,0.0,1.88,0.63,0.32,0.0
0.0,0.0,1.66,0.0,0.0,0.0,0.0,0.0,0.0,0.0,2.14,0.67,0.35,0.0
0.0,0.0,1.49,0.0,0.0,0.0,0.0,0.0,0.0,0.0,1.93,0.63,0.34,0.0
0.0,0.0,1.85,0.0,0.0,0.0,0.0,0.0,0.0,0.0,2.38,0.72,0.36,0.0
0.0,0.0,2.02,0.0,0.0,0.0,0.0,0.0,0.0,0.0,2.59,0.76,0.36,0.0
0.0,0.0,1.81,0.0,0.0,0.0,0.0,0.0,0.0,0.0,2.35,0.73,0.34,0.0
0.0,0.0,1.98,0.0,0.0,0.0,0.0,0.0,0.0,0.0,2.56,0.77,0.34,0.0
0.0,0.0,1.8,0.0,0.0,0.0,0.0,0.0,0.0,0.0,2.33,0.72,0.33,0.0
0.0,0.0,1.63,0.0,0.0,0.0,0.0,0.0,0.0,0.0,2.12,0.68,0.33,0.0
0.0,0.0,1.28,0.01,0.0,0.0,0.0,0.0,0.0,0.0,1.67,0.59,0.31,0.0
0.0,0.0,0.84,0.08,0.0,0.0,0.0,0.0,0.0,0.0,1.08,0.45,0.27,0.0
0.0,0.0,0.94,0.02,0.0,0.0,0.0,0.0,0.0,0.0,1.25,0.51,0.31,0.0
0.0,0.0,1.66,0.0,0.0,0.0,0.0,0.0,0.0,0.0,2.18,0.71,0.34,0.0
0.0,0.0,1.46,0.0,0.0,0.0,0.0,0.0,0.0,0.0,1.91,0.64,0.33,0.0
0.0,0.0,1.29,0.0,0.0,0.0,0.0,0.0,0.0,0.0,1.7,0.6,0.32,0.0
0.0,0.0,1.64,0.0,0.0,0.0,0.0,0.0,0.0,0.0,2.15,0.69,0.34,0.0
0.0,0.0,1.91,0.0,0.0,0.0,0.0,0.0,0.0,0.0,2.5,0.77,0.34,0.0
0.0,0.0,2.09,0.0,0.0,0.0,0.0,0.0,0.0,0.0,2.74,0.82,0.35,0.0
0.0,0.0,1.91,0.0,0.0,0.0,0.0,0.0,0.0,0.0,2.5,0.77,0.34,0.0
0.0,0.0,1.28,0.01,0.0,0.0,0.0,0.0,0.0,0.0,1.67,0.59,0.31,0.0
0.0,0.0,1.48,0.0,0.0,0.0,0.0,0.0,0.0,0.0,1.96,0.67,0.32,0.0
0.0,0.0,1.39,0.0,0.0,0.0,0.0,0.0,0.0,0.0,1.84,0.64,0.32,0.0
0.0,0.0,1.48,0.0,0.0,0.0,0.0,0.0,0.0,0.0,1.96,0.67,0.32,0.0
0.0,0.0,1.65,0.0,0.0,0.0,0.0,0.0,0.0,0.0,2.17,0.71,0.32,0.0
0.0,0.0,1.76,0.0,0.0,0.0,0.0,0.0,0.0,0.0,2.28,0.7,0.33,0.0
0.0,0.0,1.57,0.0,0.0,0.0,0.0,0.0,0.0,0.0,2.04,0.67,0.31,0.0
0.0,0.0,1.3,0.0,0.0,0.0,0.0,0.0,0.0,0.0,1.72,0.62,0.31,0.0
0.0,0.0,1.47,0.0,0.0,0.0,0.0,0.0,0.0,0.0,1.93,0.66,0.31,0.0
0.0,0.0,0.7,0.07,0.0,0.0,0.0,0.0,0.0,0.0,0.93,0.43,0.28,0.0
0.0,0.0,1.47,0.0,0.0,0.0,0.0,0.0,0.0,0.0,1.93,0.66,0.31,0.0
0.0,0.0,1.66,0.0,0.0,0.0,0.0,0.0,0.0,0.0,2.19,0.72,0.33,0.0
0.0,0.0,1.84,0.0,0.0,0.0,0.0,0.0,0.0,0.0,2.43,0.77,0.34,0.0
0.0,0.0,1.51,0.0,0.0,0.0,0.0,0.0,0.0,0.0,2.02,0.66,0.4,0.0
0.0,0.0,1.33,0.0,0.0,0.0,0.0,0.0,0.0,0.0,1.78,0.6,0.39,0.0
0.0,0.0,1.43,0.0,0.0,0.0,0.0,0.0,0.0,0.0,1.9,0.62,0.4,0.0
0.0,0.0,1.55,0.0,0.0,0.0,0.0,0.0,0.0,0.0,2.07,0.65,0.44,0.0
0.0,0.0,0.86,0.07,0.0,0.0,0.0,0.0,0.0,0.0,1.11,0.46,0.28,0.0
0.0,0.0,2.0,0.0,0.0,0.0,0.0,0.0,0.0,0.0,2.53,0.72,0.34,0.0
0.0,2.0,4.0,1.0,0.0,1.0,0.0,0.0,0.0,0.0,0.0,0.0,0.0,0.0
0.0,2.0,5.0,1.0,0.0,1.0,0.0,0.0,0.0,0.0,0.0,1.0,0.0,0.0
0.0,2.0,5.0,1.0,0.0,1.0,0.0,0.0,0.0,0.0,0.0,1.0,0.0,0.0
0.0,1.0,6.0,1.0,0.0,1.0,0.0,0.0,0.0,0.0,0.0,2.0,0.0,0.0
0.0,1.0,6.0,1.0,1.0,0.0,0.0,0.0,0.0,0.0,0.0,2.0,0.0,0.0
0.0,2.0,6.0,1.0,1.0,1.0,0.0,0.0,0.0,0.0,0.0,2.0,0.0,0.0
0.0,1.0,5.0,1.0,0.0,1.0,0.0,0.0,0.0,0.0,0.0,2.0,0.0,0.0
0.0,1.0,1.0,1.0,2.0,2.0,0.0,0.0,0.0,0.0,0.0,0.0,0.0,2.0
0.0,3.0,2.0,0.0,2.0,2.0,0.0,0.0,0.0,0.0,0.0,0.0,0.0,2.0
0.0,3.0,6.0,0.0,2.0,3.0,1.0,0.0,0.0,0.0,0.0,0.0,0.0,1.0
0.0,4.0,6.0,0.0,2.0,5.0,1.0,0.0,0.0,0.0,0.0,0.0,0.0,1.0
0.0,4.0,6.0,0.0,3.0,5.0,1.0,0.0,0.0,0.0,0.0,0.0,0.0,1.0
0.0,4.0,6.0,0.0,1.0,5.0,1.0,0.0,0.0,0.0,0.0,0.0,0.0,1.0
0.0,2.0,7.0,1.0,2.0,3.0,1.0,0.0,0.0,0.0,0.0,0.0,0.0,0.0
0.0,2.0,7.0,1.0,3.0,3.0,1.0,0.0,0.0,0.0,0.0,0.0,0.0,0.0
0.0,2.0,7.0,1.0,2.0,3.0,1.0,0.0,0.0,0.0,0.0,0.0,0.0,0.0
0.0,2.0,6.0,1.0,2.0,3.0,0.0,0.0,0.0,0.0,0.0,0.0,0.0,0.0
0.0,2.0,6.0,1.0,3.0,3.0,0.0,0.0,0.0,0.0,0.0,0.0,0.0,0.0
0.0,2.0,6.0,1.0,3.0,3.0,0.0,0.0,0.0,0.0,0.0,0.0,0.0,0.0
0.0,0.0,2.0,1.0,2.0,1.0,0.0,0.0,0.0,0.0,0.0,0.0,0.0,2.0
0.0,1.0,3.0,1.0,2.0,2.0,0.0,0.0,0.0,0.0,0.0,0.0,0.0,2.0
0.0,2.0,3.0,1.0,2.0,2.0,0.0,0.0,0.0,0.0,0.0,0.0,0.0,2.0
0.0,2.0,4.0,0.0,3.0,3.0,0.0,0.0,0.0,0.0,0.0,0.0,0.0,2.0
0.0,2.0,4.0,0.0,2.0,4.0,0.0,0.0,0.0,0.0,0.0,0.0,0.0,2.0
0.0,2.0,4.0,0.0,3.0,3.0,0.0,0.0,0.0,0.0,0.0,0.0,0.0,1.0
0.0,2.0,5.0,0.0,4.0,3.0,0.0,0.0,0.0,0.0,0.0,0.0,0.0,0.0
0.0,2.0,5.0,0.0,4.0,3.0,0.0,0.0,0.0,0.0,0.0,0.0,0.0,0.0
0.0,2.0,4.0,1.0,4.0,3.0,0.0,0.0,0.0,0.0,0.0,0.0,0.0,0.0
0.0,2.0,3.0,1.0,2.0,2.0,0.0,0.0,0.0,0.0,0.0,0.0,0.0,0.0
0.0,1.437834,0.9245593000000001,0.63603425,1.4358811000000002,1.5388902,0.0,0.0,0.0,0.0,0.0,0.0,0.0,0.59663236
0.0,1.6169028,1.0540578,0.71618503,1.6267326000000002,1.7512505,0.0,0.0,0.0,0.0,0.0,0.0,0.0,0.6783184
0.0,1.6169028,1.0540578,0.71618503,1.6267326000000002,1.7512505,0.0,0.0,0.0,0.0,0.0,0.0,0.0,0.6783184
0.0,1.7026603,1.1225813999999998,0.77033216,1.7142651999999998,1.8498259,0.0,0.0,0.0,0.0,0.0,0.0,0.0,0.72119147
0.0,1.6041324,1.0704938,0.7444476,1.6493216,1.7838936,0.0,0.0,0.0,0.0,0.0,0.0,0.0,0.7152784000000001
0.0,1.8439468999999997,1.2231413,0.8224155000000001,1.8788359000000001,2.0334432000000002,0.0,0.0,0.0,0.0065072030000000005,0.0,0.0,0.0,0.7918272
0.0,1.5920577,1.0432046999999998,0.7197418999999999,1.6005762,1.7237301999999999,0.0,0.0,0.0,0.0,0.0,0.0,0.0,0.6735858
0.0,1.2951350000000001,0.8397754999999999,0.58778656,1.32287,1.4203221000000001,0.0,0.0,0.0,0.0,0.0,0.0,0.0,0.5698943000000001
0.0,1.5267663,0.9905280999999999,0.6612705,1.5618428999999998,1.6817808,0.0,0.0,0.0,0.0,0.0,0.0,0.0,0.6559676
0.0,2.127716,1.4226164,0.9271834999999999,2.1989563,2.3897471,0.0,0.0,0.0,0.038190365,0.0,0.0,0.0,0.92589825
0.0,2.4353597000000002,1.6349242,1.0452429,2.5234650000000003,2.748573,0.0,0.0,0.0,0.07079010000000001,0.0,0.0,0.0,1.0553
0.0,2.483335,1.6745093,1.0713226999999999,2.584717,2.8184054,0.0,0.0,0.0,0.07395661,0.0,0.0,0.0,1.0871229
0.0,2.3873847,1.5953391000000001,1.0191635,2.4622132999999997,2.6787405,0.0,0.0,0.0,0.0676236,0.0,0.0,0.0,1.0234773000000001
0.0,2.1776729,1.4588172,0.96100444,2.2325492000000002,2.4256860000000002,0.0,0.0,0.0,0.038909063,0.0,0.0,0.0,0.9378851
0.0,2.2256482,1.4984022,0.987084,2.2938007999999996,2.4955184,0.0,0.0,0.0,0.04207559,0.0,0.0,0.0,0.969708
0.0,2.1776729,1.4588172,0.96100444,2.2325492000000002,2.4256860000000002,0.0,0.0,0.0,0.038909063,0.0,0.0,0.0,0.9378851
0.0,1.9693213,1.3138154,0.88142985,2.0069528,2.1757867,0.0,0.0,0.0,0.01677674,0.0,0.0,0.0,0.8460781999999999
0.0,2.0172963,1.3534003000000001,0.9075094000000001,2.0682044,2.245619,0.0,0.0,0.0,0.019943267,0.0,0.0,0.0,0.8779009
0.0,2.0172963,1.3534003000000001,0.9075094000000001,2.0682044,2.245619,0.0,0.0,0.0,0.019943267,0.0,0.0,0.0,0.8779009
0.0,1.2052406999999998,0.7825194000000001,0.56635725,1.2226707,1.3101486999999998,0.0,0.0,0.0,0.0,0.0,0.0,0.0,0.53342944
0.0,1.5163209999999998,0.9985375,0.68897915,1.5502735,1.6725496,0.0,0.0,0.0,0.0,0.0,0.0,0.0,0.66514266
0.0,1.6096325,1.0595124,0.71498275,1.6535921999999998,1.7863345000000002,0.0,0.0,0.0,0.0,0.0,0.0,0.0,0.70395565
0.0,1.8030674,1.2065945,0.81277066,1.8667546999999998,2.0254773999999998,0.0,0.0,0.0,0.001664341,0.0,0.0,0.0,0.80248976
0.0,1.8622584,1.2426758999999998,0.83271885,1.9160979,2.0781653,0.0,0.0,0.0,0.008485794,0.0,0.0,0.0,0.8159614000000001
0.0,1.7634251,1.1768478999999998,0.79709476,1.817604,1.9698,0.0,0.0,0.0,0.0,0.0,0.0,0.0,0.77949524
0.0,1.8823602,1.2660628999999999,0.8580888000000001,1.9433941000000003,2.1100504,0.0,0.0,0.0,0.005323321,0.0,0.0,0.0,0.83592916
0.0,1.8823602,1.2660628999999999,0.8580888000000001,1.9433941000000003,2.1100504,0.0,0.0,0.0,0.005323321,0.0,0.0,0.0,0.83592916
0.0,1.8440664,1.2342321000000003,0.8324084,1.9020782999999999,2.0632603,0.0,0.0,0.0,0.004349425,0.0,0.0,0.0,0.81451225
0.0,1.5303478000000001,1.0000191999999999,0.6836312,1.5552908,1.6749798999999999,0.0,0.0,0.0,0.0,0.0,0.0,0.0,0.65796673
0.0,1.7462799999999998,3.8780284,0.44586322,1.6442896,2.0666754000000003,0.24325079,0.0,0.0,0.0,0.0,0.0,0.0,0.39133346
0.0,1.9855492,4.451074,0.47383723,1.9138383,2.3458742999999997,0.27587792,0.0,0.0,0.0,0.0,0.0,0.0,0.43427718
0.0,1.9855492,4.451074,0.47383723,1.9138383,2.3458742999999997,0.27587792,0.0,0.0,0.0,0.0,0.0,0.0,0.43427718
0.0,2.0634658,4.6478589999999995,0.48069579999999995,2.0000086,2.4488764,0.28485438,0.0,0.0,0.0,0.0,0.0,0.0,0.44789302
0.0,1.9595072,4.400868,0.47743756,1.9023484,2.3425999,0.25775695,0.0,0.0,0.0,0.0,0.0,0.0,0.4379452999999999
0.0,2.2709080000000004,5.132815,0.4982874,2.2228397999999996,2.685978,0.31725606,0.0,0.0,0.0,0.0,0.0,0.0,0.48478174
0.0,1.8945843999999998,4.254067,0.46536452,1.8138616,2.2495344,0.26754844,0.0,0.0,0.0,0.0,0.0,0.0,0.40947956
0.0,1.5269923,3.3696818,0.47762746,1.4918213,1.9153231,0.112877116,0.0,0.0,0.0,0.0,0.0,0.0,0.38908082
0.0,2.037397,4.521521599999999,0.5109867,2.010769,2.4364052000000003,0.19804162,0.0,0.0,0.0,0.0,0.0,0.0,0.47362107
0.0,2.8002117,6.340978,0.55868447,2.8263643,3.3451676,0.32324964,0.0,0.0,0.0,0.0,0.0,0.0,0.6290563
0.0,3.252343,7.414074,0.58723176,3.2921839,3.8565093999999998,0.41364044,0.0,0.0,0.0,0.0,0.0,0.0,0.6972735
0.0,3.2891147000000003,7.5082307,0.5916712,3.3398510999999997,3.9181964,0.41743472,0.0,0.0,0.0,0.0,0.0,0.0,0.7087066
0.0,3.2064529999999998,7.3056912,0.5905847,3.252554,3.7955878,0.40499553,0.0,0.0,0.0,0.0,0.0,0.0,0.6896296
0.0,2.689264,6.1281156999999995,0.52878207,2.6894212000000004,3.2407593999999995,0.35013038,0.0,0.0,0.0,0.0,0.0,0.0,0.5991334
0.0,2.726036,6.2222733,0.53322124,2.7370883999999998,3.3024461000000005,0.35392472,0.0,0.0,0.0,0.0,0.0,0.0,0.61056644
0.0,2.689264,6.1281156999999995,0.52878207,2.6894212000000004,3.2407593999999995,0.35013038,0.0,0.0,0.0,0.0,0.0,0.0,0.5991334
0.0,2.4483397,5.550724,0.49285725,2.394381,2.9238803,0.35217807,0.0,0.0,0.0,0.0,0.0,0.0,0.529926
0.0,2.4851115000000004,5.644881,0.49729650000000003,2.4420482999999997,2.9855669999999996,0.3559722,0.0,0.0,0.0,0.0,0.0,0.0,0.54135925
0.0,2.4851115000000004,5.644881,0.49729650000000003,2.4420482999999997,2.9855669999999996,0.3559722,0.0,0.0,0.0,0.0,0.0,0.0,0.54135925
0.0,1.3562908,2.9994955,0.46585414,1.337434,1.7509906000000002,0.07745601,0.0,0.0,0.0,0.0,0.0,0.0,0.3819151
0.0,1.8812623,4.198322,0.5098505,1.8818754,2.3306887,0.15186836,0.0,0.0,0.0,0.0,0.0,0.0,0.4686358
0.0,2.0519333,4.589121,0.52300286,2.0570395,2.5061035,0.18047601,0.0,0.0,0.0,0.0,0.0,0.0,0.49409140000000007
0.0,2.3749087,5.336001400000001,0.5399647,2.3932752999999996,2.8821689999999998,0.23685287,0.0,0.0,0.0,0.0,0.0,0.0,0.55663586
0.0,2.4748466000000002,5.5729938,0.54284275,2.4866102000000003,2.9843829,0.2628835,0.0,0.0,0.0,0.0,0.0,0.0,0.56591916
0.0,2.256507,5.073151999999999,0.49871537,2.2176805,2.7152187999999997,0.2831778,0.0,0.0,0.0,0.0,0.0,0.0,0.5074132
0.0,2.3379037,5.2747335,0.47107548,2.2532662999999995,2.801614,0.35152987,0.0,0.0,0.0,0.0,0.0,0.0,0.49937344
0.0,2.3379037,5.2747335,0.47107548,2.2532662999999995,2.801614,0.35152987,0.0,0.0,0.0,0.0,0.0,0.0,0.49937344
0.0,2.1842827999999996,4.950673999999999,0.47034863,2.1154406000000003,2.6485007,0.32552454,0.0,0.0,0.0,0.0,0.0,0.0,0.47497725
0.0,1.800966,4.0281982,0.43916556,1.6906123,2.1578906000000004,0.2693687,0.0,0.0,0.0,0.0,0.0,0.0,0.39330518
0.0,1.9044192,2.185953,0.68007743,2.2021474999999997,0.0,0.3858548,0.0,0.0,0.0,0.0,0.0,0.0,0.5253998000000001
0.0,2.083183,2.422968,0.7520465999999999,2.444831,0.0,0.44695106,0.0,0.0,0.0,0.0,0.0,0.0,0.54415846
0.0,2.083183,2.422968,0.7520465999999999,2.444831,0.0,0.44695106,0.0,0.0,0.0,0.0,0.0,0.0,0.54415846
0.0,2.1219580000000002,2.4617553,0.76824296,2.5082867,0.0,0.44079885,0.0,0.0,0.0,0.0,0.0,0.0,0.5285489000000001
0.0,2.2573125,2.6221417999999996,0.8226091999999998,2.6766722,0.0,0.48798389999999997,0.00046093800000000004,0.0,0.0,0.0,0.0,0.0,0.56235194
0.0,2.3789358,2.8014586,0.86668026,2.820937,0.0,0.5497890999999999,0.0,0.0,0.0,0.0,0.0,0.007712409,0.5931889
0.0,1.9349895000000001,2.2021072,0.69518673,2.2568872000000004,0.0,0.36613193,0.0,0.00117746,0.0,0.0,0.0,0.0,0.49933457
0.0,1.6298382,1.5915883999999998,0.5391333,1.7885432,0.0,0.22673607,0.0,0.09271862,0.0,0.0,0.0,0.0,0.6114590999999999
0.0,1.985986,2.1665137000000003,0.69034374,2.2348506,0.0,0.40337464,0.0,0.00955604,0.0,0.0,0.0,0.0,0.64364916
0.0,2.618794,3.101812,0.94267774,3.0549424,0.0,0.6641474,0.0,0.0,0.0,0.0,0.0,0.010777965,0.6943090999999999
0.0,2.7156024,3.2540781,0.9677143,3.1529217000000003,0.0,0.7178328,0.0,0.0,0.0,0.0,0.0,0.03247027,0.71232176
0.0,2.8687615,3.4168157999999997,1.0296777,3.3342660000000004,0.0,0.76846695,0.0,0.0,0.0,0.0,0.002386153,0.020909488,0.76560026
0.0,2.5641694,3.0886304,0.90612316,2.970729,0.0,0.66753244,0.0,0.0,0.0,0.0,0.0,0.04009302,0.66296303
0.0,2.6845967999999996,3.2045293,0.97240865,3.1681383,0.0,0.6814028,0.0,0.0,0.0,0.0,0.0,0.034635782000000004,0.6828206
0.0,2.8385427000000005,3.3674742999999996,1.0334349,3.3512168,0.0,0.7322464,0.0,0.0,0.0,0.0,0.0,0.01953815,0.73486936
0.0,2.6845967999999996,3.2045293,0.97240865,3.1681383,0.0,0.6814028,0.0,0.0,0.0,0.0,0.0,0.034635782000000004,0.6828206
0.0,2.510243,2.976296,0.90436435,2.9470904,0.0,0.6144674,0.0,0.0,0.0,0.0,0.0,0.015235364,0.64782035
0.0,2.6616182,3.1420784,0.9655558000000001,3.130007,0.0,0.6646979000000001,0.0,0.0,0.0,0.0,0.0,0.00678736,0.69571894
0.0,2.6616182,3.1420784,0.9655558000000001,3.130007,0.0,0.6646979000000001,0.0,0.0,0.0,0.0,0.0,0.00678736,0.69571894
0.0,1.7064674,1.6887172,0.5696614999999999,1.8974354,0.0,0.24803552,0.0,0.08345569,0.0,0.0,0.0,0.0,0.61765856
0.0,1.9919193,2.1098897,0.68976974,2.2723353,0.0,0.3702503,0.0,0.02467598,0.0,0.0,0.0,0.0,0.6480164
0.0,2.1108358,2.300226,0.74180126,2.4303793999999996,0.0,0.43108663,0.0,0.0,0.0,0.0,0.0,0.0,0.66266274
0.0,2.3672998,2.6348846000000004,0.8293079,2.7114884999999997,0.0,0.53340113,0.0,0.0,0.0,0.0,0.0,0.0,0.72629917
0.0,2.1892400000000003,2.4413655,0.7640655,2.4787524,0.0,0.47090360000000003,0.0,0.0,0.0,0.0,0.0,0.0,0.66211164
0.0,2.3038533,2.5985767999999996,0.8096014,2.624157,0.0,0.51941323,0.0,0.0,0.0,0.0,0.0,0.0,0.68511176
0.0,2.579889,2.988257,0.91744566,2.971521,0.0,0.63207364,0.0,0.0,0.0,0.0,0.0,0.0,0.72323203
0.0,2.579889,2.988257,0.91744566,2.971521,0.0,0.63207364,0.0,0.0,0.0,0.0,0.0,0.0,0.72323203
0.0,2.4714162,2.8037639,0.8752023999999999,2.8491392,0.0,0.58117604,0.0,0.0,0.0,0.0,0.0,0.0,0.72612745
0.0,1.9839427,2.2276105999999998,0.7023884,2.2557166,0.0,0.40311090000000005,0.0,0.0,0.0,0.0,0.0,0.0,0.5802881999999999
0.0,1.8626485000000002,3.6595695,0.44238266,0.001960769,0.0,0.20121312,0.0,0.0,0.0,0.0,0.35900134,0.0,0.0
0.0,2.1729126,4.3546934,0.51300097,0.007207259000000001,0.0,0.29746428,0.0,0.0,0.0,0.0,0.40865827,0.0,0.0
0.0,2.1729126,4.3546934,0.51300097,0.007207259000000001,0.0,0.29746428,0.0,0.0,0.0,0.0,0.40865827,0.0,0.0
0.0,2.2744079,4.6660900000000005,0.58555627,0.013668251999999999,0.0,0.3857603,0.0,0.0,0.0,0.0,0.47086279999999997,0.0,0.0
0.0,2.2148721,4.5180473,0.5660446,0.0034002209999999997,0.0,0.35788056,0.0,0.0,0.0,0.0,0.45121990000000006,0.0,0.0
0.0,2.5624703999999996,5.153278,0.5640789,0.0,0.0,0.37318483,0.0,0.0,0.0,0.0,0.42657387,0.0,0.0
0.0,2.0971615000000003,4.2844415,0.5576869000000001,0.009710657,0.0,0.34859562,0.0,0.0,0.0,0.0,0.4473437,0.0,0.0
0.0,1.7068714,3.2653347999999998,0.4146179,0.0,0.0,0.16704249999999998,0.0,0.0,0.0,0.0,0.27468655,0.0,0.0
0.0,2.1426592,4.059128299999999,0.47098938,0.0,0.0,0.26025626,0.0,0.0,0.0,0.0,0.30379233,0.0,0.0
0.0,2.9504905,5.722650499999999,0.52112293,0.0,0.0,0.37027678,0.0,0.0,0.0,0.0,0.34467512,0.0,0.0
0.0,3.4074316,6.611332000000001,0.5575253000000001,0.0,0.0,0.42665,0.0,0.0,0.0,0.0,0.33085334,0.0,0.0
0.0,3.4723763,6.715739699999999,0.55666995,0.0,0.0,0.4225284000000001,0.0,0.0,0.0,0.0,0.31026664,0.0,0.0
0.0,3.3424864000000003,6.506924,0.5583807,0.0,0.0,0.4307715999999999,0.0,0.0,0.0,0.0,0.35143995,0.0,0.0
0.0,2.93037,5.729294,0.5040043,0.0,0.0,0.31496840000000004,0.0,0.0,0.0,0.0,0.35238075,0.0,0.0
0.0,3.005003,5.8330617,0.4905337,0.0,0.0,0.29976815,0.0,0.0,0.0,0.0,0.3242627,0.0,0.0
0.0,2.93037,5.729294,0.5040043,0.0,0.0,0.31496840000000004,0.0,0.0,0.0,0.0,0.35238075,0.0,0.0
0.0,2.6531706,5.1328106,0.45927185,0.0,0.0,0.24943316,0.0,0.0,0.0,0.0,0.31853178,0.0,0.0
0.0,2.7181153,5.2372184,0.45841667,0.0,0.0,0.24531142,0.0,0.0,0.0,0.0,0.29794523,0.0,0.0
0.0,2.7181153,5.2372184,0.45841667,0.0,0.0,0.24531142,0.0,0.0,0.0,0.0,0.29794523,0.0,0.0
0.0,1.5524352,3.0102112,0.4214339,0.0,0.0,0.16405582,0.0,0.0,0.0,0.0,0.3061237,0.0,0.0
0.0,2.0772805,4.027091,0.44733770000000006,0.0,0.0,0.21652499,0.0,0.0,0.0,0.0,0.30499685,0.0,0.0
0.0,2.2761915,4.4114695,0.45823556,0.0,0.0,0.2357514,0.0,0.0,0.0,0.0,0.30011165,0.0,0.0
0.0,2.5094237,4.802066,0.4773237,0.0,0.0,0.29618102,0.0,0.0,0.0,0.0,0.29119757,0.0,0.0
0.0,2.577198,4.949565,0.48610777,0.0,0.0,0.31463993,0.0,0.0,0.0,0.0,0.30443633,0.0,0.0
0.0,2.348029,4.465475,0.45506126,0.0,0.0,0.26029366,0.0,0.0,0.0,0.0,0.28252664,0.0,0.0
0.0,2.4405959,4.614164,0.44448763,0.0,0.0,0.24399108,0.0,0.0,0.0,0.0,0.2676389,0.0,0.0
0.0,2.4405959,4.614164,0.44448763,0.0,0.0,0.24399108,0.0,0.0,0.0,0.0,0.2676389,0.0,0.0
0.0,2.4060602,4.5821819999999995,0.44218335,0.0,0.0,0.22461678,0.0,0.0,0.0,0.0,0.26879713,0.0,0.0
0.0,1.9536083999999998,3.7387452000000003,0.41564480000000004,0.0,0.0,0.17011991,0.0,0.0,0.0,0.0,0.28678918,0.0,0.0
0.0,0.0,1.6562681000000001,0.62182647,1.1119103000000001,0.9936751,0.30478987,0.0,0.0,0.0,0.0,0.3273233,0.0,0.6218406
0.0,0.0,1.9848086,0.6744866999999999,1.2744309,1.1162866000000002,0.35794276,0.0,0.0,0.001530871,0.0,0.31533414,0.0,0.66961706
0.0,0.0,1.9848086,0.6744866999999999,1.2744309,1.1162866000000002,0.35794276,0.0,0.0,0.001530871,0.0,0.31533414,0.0,0.66961706
0.0,0.0,2.0370166000000003,0.69539917,1.3425071000000002,1.154578,0.3956711,0.0,0.0,0.0,0.0,0.3336595,0.0,0.6599754
0.0,0.0,2.1498377,0.7210343000000001,1.3566091,1.1602774,0.43247443,0.0,0.0,0.011162728,0.0,0.3266045,0.0,0.6539739999999999
0.0,0.0,2.4758196,0.75733745,1.539317,1.3137958,0.44287804,0.0,0.0,0.0,0.0,0.30580986,0.0,0.7403462
0.0,0.0,1.8541336,0.6692488,1.2334872,1.0705234,0.3734945,0.0,0.0,0.0,0.0,0.33890990000000004,0.0,0.62422174
0.0,0.0,1.4520396999999998,0.5749061,1.0310128,0.9429841999999998,0.23346455,0.0,0.0,0.0,0.0,0.31941390000000003,0.0,0.62462837
0.0,0.0,2.0764165,0.6719018,1.3362343,1.180187,0.3237406,0.0,0.0,0.0,0.0,0.29685456,0.0,0.72506624
0.0,0.0,2.954229,0.7902259,1.8244522,1.5714654,0.40374434,0.0,0.0,0.0,0.0,0.25914982,0.0,0.9144368
0.0,0.0,3.3479779,0.830203,2.0898967,1.7945203,0.40200981,0.0,0.0,0.0,0.0,0.24032256,0.0,1.0383196
0.0,0.0,3.5258010000000004,0.8584707,2.1735077,1.8580855,0.42998558,0.0,0.0,0.0,0.0,0.23245853,0.0,1.0640223
0.0,0.0,3.1681361,0.802188,2.0087516,1.7324449,0.3745347,0.0,0.0,0.0,0.0,0.24954449,0.0,1.0122554
0.0,0.0,2.8426354,0.7827166999999999,1.8279448,1.56578,0.40432745,0.0,0.0,0.0,0.0,0.28625542,0.0,0.89335966
0.0,0.0,3.0144305,0.81173944,1.9189199000000001,1.6337948999999998,0.43379793,0.0,0.0,0.0,0.0,0.28244716,0.0,0.91798246
0.0,0.0,2.8426354,0.7827166999999999,1.8279448,1.56578,0.40432745,0.0,0.0,0.0,0.0,0.28625542,0.0,0.89335966
0.0,0.0,2.5358782000000004,0.73736024,1.6611456000000002,1.4328813999999999,0.37105942,0.0,0.0,0.0,0.0,0.2970929,0.0,0.83221036
0.0,0.0,2.7076728,0.76638293,1.7521206999999999,1.5008963,0.40052974,0.0,0.0,0.0,0.0,0.29328454,0.0,0.8568332000000001
0.0,0.0,2.7076728,0.76638293,1.7521206999999999,1.5008963,0.40052974,0.0,0.0,0.0,0.0,0.29328454,0.0,0.8568332000000001
0.0,0.0,1.318416,0.5646608,0.9588437,0.8773382,0.24081841,0.0,0.0,0.0,0.0,0.3322394,0.0,0.57989526
0.0,0.0,1.8367558999999998,0.62702173,1.2520903,1.1187291000000001,0.26897934,0.0,0.0,0.0,0.0,0.30347568,0.0,0.7079065
0.0,0.0,2.0878634,0.66054106,1.3607445,1.2079579,0.29328316,0.0,0.0,0.0,0.0,0.28549559999999996,0.0,0.75549513
0.0,0.0,2.4766884,0.71651924,1.5833882,1.3817692,0.33895096,0.0,0.0,0.0,0.0,0.27369472,0.0,0.83198225
0.0,0.0,2.375883,0.6907667,1.5712123,1.3809114,0.2965433,0.0,0.0,0.0,0.0,0.27730190000000005,0.0,0.84544724
0.0,0.0,2.3747213,0.71445024,1.5307537,1.3302774,0.35815307,0.0,0.0,0.0,0.0,0.2928544,0.0,0.78848946
0.0,0.0,2.6369076000000002,0.7674618000000001,1.6796334,1.4346733,0.424583,0.0,0.0,0.0,0.0,0.30023649999999996,0.0,0.81125873
0.0,0.0,2.6369076000000002,0.7674618000000001,1.6796334,1.4346733,0.424583,0.0,0.0,0.0,0.0,0.30023649999999996,0.0,0.81125873
0.0,0.0,2.4947515,0.74329007,1.6220181999999999,1.3931665000000002,0.3944853,0.0,0.0,0.0,0.0,0.3054145,0.0,0.79817796
0.0,0.0,1.8878139999999999,0.6559166999999999,1.2507303,1.102107,0.33072424,0.0,0.0,0.0,0.0,0.32120144,0.0,0.66920525
0.0,1.6239350000000001,3.8155699,0.6320486999999999,1.0998043,0.0,0.44368450000000004,0.0,0.0,0.0,0.0,0.0,0.0,0.57142186
0.0,1.8584139,4.398215,0.75180656,1.3054112,0.0,0.56337965,0.0,0.0,0.0,0.0,0.0,0.0,0.68579805
0.0,1.8584139,4.398215,0.75180656,1.3054112,0.0,0.56337965,0.0,0.0,0.0,0.0,0.0,0.0,0.68579805
0.0,1.9853032,4.7358036,0.8258504000000001,1.4311597,0.0,0.6393199,0.0,0.0,0.0,0.0,0.0,0.0,0.7455478
0.0,1.8938443999999999,4.483639,0.76738596,1.3219901,0.0,0.5710436,0.0,0.0,0.0,0.0,0.0,0.0,0.7087319999999999
0.0,2.122257,5.0469919999999995,0.87110186,1.5272454,0.0,0.68831074,0.0,0.0,0.0,0.0,0.0,0.0,0.81330913
0.0,1.8087662,4.306023000000001,0.7383069999999999,1.2790091000000001,0.0,0.55092204,0.0,0.0,0.0,0.0,0.0,0.0,0.6591413
0.0,1.4526278000000001,3.3970175000000005,0.5117427999999999,0.97429574,0.0,0.36314413,0.0,0.0,0.0,0.0,0.0,0.0,0.49348885
0.0,1.7703017,4.107557,0.6655559,1.2351741000000003,0.0,0.5130342000000001,0.0,0.0,0.0,0.0,0.0,0.0,0.66334695
0.0,2.5324717,6.072873,1.0298505,1.9037253,0.0,0.89752734,0.0,0.0,0.0,0.0,0.0,0.0,0.9935354
0.0,2.912372,6.975594999999999,1.2086868,2.2582202000000002,0.0,1.1021689,0.0,0.0,0.0,0.0,0.0,0.0,1.1828285
0.0,2.938918,7.040144000000001,1.2066156000000001,2.2721348,0.0,1.1060238000000002,0.0,0.0,0.0,0.0,0.0,0.0,1.1929268999999998
0.0,2.8858256,6.911045599999999,1.2107581,2.2443056,0.0,1.0983139,0.0,0.0,0.0,0.0,0.0,0.0,1.1727302
0.0,2.5629673,6.1498823,1.0490403999999998,1.9262768,0.0,0.9115089,0.0,0.0,0.0,0.0,0.0,0.0,1.0035868000000001
0.0,2.590589,6.215747400000001,1.0475116,1.9408296000000003,0.0,0.9156761,0.0,0.0,0.0,0.0,0.0,0.0,1.0151633
0.0,2.5629673,6.1498823,1.0490403999999998,1.9262768,0.0,0.9115089,0.0,0.0,0.0,0.0,0.0,0.0,1.0035868000000001
0.0,2.2686744,5.442654599999999,0.91688186,1.6789817999999999,0.0,0.7726314000000001,0.0,0.0,0.0,0.0,0.0,0.0,0.8626143000000001
0.0,2.2962966000000002,5.50852,0.9153529,1.6935348999999997,0.0,0.77679837,0.0,0.0,0.0,0.0,0.0,0.0,0.8741908000000002
0.0,2.2962966000000002,5.50852,0.9153529,1.6935348999999997,0.0,0.77679837,0.0,0.0,0.0,0.0,0.0,0.0,0.8741908000000002
0.0,1.3635405,3.2411065,0.47446963,0.89114594,0.0,0.31647453,0.0,0.0,0.0,0.0,0.0,0.0,0.43457693
0.0,1.7808383999999997,4.2418213,0.6727137,1.2584641,0.0,0.5279951,0.0,0.0,0.0,0.0,0.0,0.0,0.63915545
0.0,1.9073229,4.495725,0.7293946,1.3544365,0.0,0.5815431999999999,0.0,0.0,0.0,0.0,0.0,0.0,0.71335274
0.0,2.1252812999999997,5.087415,0.8288523000000001,1.5665452,0.0,0.7037386,0.0,0.0,0.0,0.0,0.0,0.0,0.8024626
0.0,2.2254433999999996,5.347275700000001,0.89200133,1.6818918999999999,0.0,0.77543044,0.0,0.0,0.0,0.0,0.0,0.0,0.84991217
0.0,1.9877168,4.759018,0.7664619,1.4442939,0.0,0.6339421,0.0,0.0,0.0,0.0,0.0,0.0,0.7291484
0.0,2.0522685000000003,4.9242773,0.7890049,1.4873586,0.0,0.6559639,0.0,0.0,0.0,0.0,0.0,0.0,0.75123936
0.0,2.0522685000000003,4.9242773,0.7890049,1.4873586,0.0,0.6559639,0.0,0.0,0.0,0.0,0.0,0.0,0.75123936
0.0,1.9769865000000002,4.715763,0.74249804,1.4096898000000002,0.0,0.6079389000000001,0.0,0.0,0.0,0.0,0.0,0.0,0.71844923
0.0,1.6321936000000001,3.8389309999999996,0.60461384,1.1099336000000002,0.0,0.4419505999999999,0.0,0.0,0.0,0.0,0.0,0.0,0.5667243000000001
