杂物,炼钢炉,行车支架,墙,钢架,轨道车,挖掘机,废料堆,过道,索具,半成品堆料,板房,平台,喷煤气设备,area1,area2,area3,area4,Label
0,3.5588875,3.360243,0.71440995,0.20800772,0,0.051563047,0,0,0,0,0,0,0.1516125,3.4775193,4.2823896,3.779686,5.9840336,3
0,2.2567365,4.6424417,0.8439989,0.6505367,0,0.33175862,0,0,0,0,0.9098353,0,0.2551033,0.8614375,2.023889,3.0620918,5.1772633,3
0,0.9635604,5.328272,0.6083892,0.087408006,0.51139176,0.25323245,0,0,0,0,1.1818924,0,0.30902272,4.906171,1.9309024,3.6916027,4.6774035,3
0,1.0953658,5.768174,0.87362874,0.3060248,0,0.37304777,0,0,0,0,2.4250193,0,0.2583095,1.4880562,1.0372282,3.2000754,5.340024,3
0,1.8876798,5.862845,0.81963056,0.4192079,0,0.49636763,0,0,0,0,1.6573195,0,0.19001581,1.7603593,1.8023766,3.4149833,5.3803806,3
0,1.5825067,5.9349375,0.94590336,1.0167693,0,0.47181332,0,0,0,0,1.9344783,0,0.3376982,0.50763905,0.9329841,2.9794831,4.9951305,3
0,0.5303636,5.1598554,0.70251596,0,0,0.22288585,0,0,0,0,2.1061218,0,0.2671527,3.8367438,1.6242205,3.725444,5.4977794,3
0,0.5625216,1.1892159,0.68077594,2.5170004,2.4403706,0.26848406,0,0,0,0,0,0,1.1913973,3.5997527,2.4136212,4.691363,6.260666,3
0,2.2301471,1.9786326,0.76463044,2.6295733,1.9667184,0.10763575,0,0,0,0,0,0,0.8858579,1.5720254,2.8349683,3.7120402,5.429061,3
0,1.9362105,6.2968564,0.6011541,3.046727,2.9422767,0.6481027,0,0,0,0,0,0,0.7877868,2.346919,1.6088307,3.5115438,4.090558,3
0,4.134852,6.2071385,0.011398479,1.8985366,5.024788,0.38248533,0,0,0,0,0,0,0.49035513,4.1356883,3.9727473,3.1131315,3.901845,3
0,3.057715,6.662638,0.36350122,2.9893825,5.485803,0.5880467,0,0,0,0,0,0,0.99790233,5.2896786,2.415715,3.8156514,4.2545805,3
0,3.9270504,5.982082,0.07432528,1.964721,4.0030756,0.3705917,0,0,0,0,0,0,0.41291887,2.4395187,3.9487758,3.0497851,4.258399,3
0,2.4490354,6.9590387,0.42229456,2.046305,2.8097117,0.58005136,0,0,0,0,0,0,0.4173823,2.9193068,2.1568234,3.0490537,3.4912357,3
0,2.7211583,6.996081,0.7860647,3.3637598,2.6661212,0.773319,0,0,0,0,0,0,0.77267325,3.4395456,3.0144608,4.9852915,6.639506,3
0,2.2345765,6.9041963,0.5829658,1.9368073,2.8350344,0.46164095,0,0,0,0,0,0,0.44340003,3.4677987,1.9953382,3.2597237,4.0169535,3
0,1.8963037,5.8809733,0.69664717,1.784927,2.850734,0.30497834,0,0,0,0,0,0,0.596352,3.887642,1.5660048,3.194545,4.0401087,3
0,2.7302291,5.7351456,0.6929284,2.2930462,3.1252995,0.3490023,0,0,0,0,0,0,0.60533077,4.1448154,3.2699971,4.3540397,6.067325,3
0,2.053162,5.915283,0.82607675,3.7796695,2.280213,0.74438244,0,0,0,0,0,0,0.93448055,1.4268498,2.1492586,4.458979,6.112302,3
0,0.24892873,1.921914,0.6308307,1.7350839,1.92241,0.27574074,0,0,0,0,0,0,0.88006204,4.642746,3.0322862,5.173434,6.94133,3
0,0.6406935,2.9774823,0.77883285,2.3315756,2.4597955,0.32610077,0,0,0,0,0,0,1.0290991,4.3481293,2.351895,4.951512,6.728801,3
0,2.3632243,2.6936932,0.82936406,2.2320752,2.2666326,0.07642451,0,0,0,0,0,0,0.78692436,3.982183,3.845826,4.8368497,6.958222,3
0,2.8492718,3.4632087,0.6577565,2.906422,2.8740642,0.27013588,0,0,0,0,0,0,0.82731473,1.5802531,3.0763528,3.7057061,5.635518,3
0,2.140431,3.8283863,0.5549987,3.0557668,3.440333,0.40806597,0,0,0,0.000735,0,0,1.0391016,1.8471975,1.6166862,3.030613,3.8339543,3
0,1.739436,4.227644,0.7934097,2.485736,3.613201,0.28454655,0,0,0,0,0,0,1.0310862,4.9722514,1.4764804,3.7093174,4.328638,3
0,2.5314176,4.8423567,0.6329474,3.5125341,2.8383782,0.57688797,0,0,0,0,0,0,0.85006577,0.8164146,2.5124059,3.7282856,5.3282566,3
0,1.7707227,5.1396465,1.0782127,4.173394,2.9421484,0.6273719,0,0,0,0,0,0,1.2130407,2.8966172,2.056677,5.1895714,7.169651,3
0,1.7995831,4.205294,0.97451127,3.239194,3.305862,0.36515743,0,0,0,0,0,0,1.1522268,3.7369158,1.6933079,4.2937994,5.8380203,3
0,3.146947,2.7706192,0.30773342,0.43893957,2.4457562,0,0,0,0,0,0,0,0.19902104,3.8258536,4.0522256,2.7690487,3.783977,3
0,1.0627903,0.95843333,0.66814595,1.4413143,1.5597594,0,0,0,0,0,0,0,0.7909978,3.600821,3.3987544,4.5664296,6.6762295,3
0,1.5316713,1.0931263,0.64275396,1.6450877,1.7558196,0,0,0,0,0,0,0,0.7853023,2.6062303,2.4992137,3.2754798,4.4106255,3
0,1.5050745,1.0824308,0.65631825,1.6418403,1.7541964,0,0,0,0,0,0,0,0.7922183,2.8169951,2.7206278,3.5562499,4.9136195,3
0,1.6598762,1.1808538,0.65185726,1.7416563,1.8461821,0,0,0,0,0,0,0,0.79610974,2.489985,2.3899162,3.1255617,4.1417193,3
0,1.518313,1.1034846,0.6528327,1.6768084,1.7932532,0,0,0,0,0,0,0,0.8012199,2.7303624,2.5922186,3.4288938,4.673115,3
0,1.7850986,1.3930204,0.65373933,1.9153838,2.0072687,0.019137729,0,0,0,0,0,0,0.8132095,2.2740316,2.1340265,2.859428,3.6245317,3
0,1.4636418,1.0710769,0.654455,1.6160535,1.7280505,0,0,0,0,0,0,0,0.7885268,2.8566556,2.7523663,3.606538,4.99988,3
0,1.0148007,0.8616831,0.62955797,1.3213396,1.417903,0,0,0,0,0,0,0,0.7450026,3.2348986,3.1029449,4.122311,5.901066,3
0,1.3468437,1.0285138,0.6504413,1.5798689,1.6898384,0,0,0,0,0,0,0,0.7921989,2.9530578,2.802633,3.7324638,5.207015,3
0,1.9937794,1.6152327,0.6873412,2.247209,2.392526,0.062469292,0,0,0,0,0,0,0.9039241,2.5143502,2.3393252,3.2019656,4.197237,3
0,2.2429073,1.8021818,0.75463647,2.5882747,2.7850037,0.086211644,0,0,0,0,0,0,1.0088212,2.9606702,2.701364,3.7455468,5.1424303,3
0,2.2682252,1.9239675,0.7074154,2.619881,2.8568947,0.119538605,0,0,0,0,0,0,0.992207,2.7384143,2.5803614,3.5359302,4.7465987,3
0,2.1982214,1.7323905,0.7656534,2.542357,2.7093742,0.07188086,0,0,0,0,0,0,1.0053622,2.9829192,2.6965554,3.7620776,5.183258,3
0,2.0237625,1.6823512,0.6696415,2.260855,2.4400907,0.07433915,0,0,0,0,0,0,0.8980453,2.4636917,2.32377,3.1473346,4.0937977,3
0,1.9793938,1.4990242,0.8123062,2.3977404,2.5665364,0.038225345,0,0,0,0,0,0,1.0302846,3.7292645,3.3810787,4.686264,6.859518,3
0,2.046011,1.6372069,0.70192283,2.2779741,2.4354181,0.05832257,0,0,0,0,0,0,0.9139192,2.625535,2.446872,3.3233724,4.4192257,3
0,1.9089518,1.4513534,0.69660205,2.0554507,2.1580312,0.01915367,0,0,0,0,0,0,0.85882115,2.5377998,2.3658693,3.1757298,4.1895375,3
0,1.8023492,1.3713533,0.7664319,2.1402988,2.2998817,0.020090163,0,0,0,0,0,0,0.95388615,3.548224,3.2655861,4.4509654,6.457043,3
0,1.8600706,1.3806589,0.7465064,2.150275,2.2905133,0.019552227,0,0,0,0,0,0,0.9405885,3.1816645,2.924046,3.999494,5.659342,3
0,0.78827417,0.79992515,0.64053035,1.2153358,1.3158016,0,0,0,0,0,0,0,0.74446905,3.7026045,3.5270686,4.7278333,6.964615,3
0,1.2236288,1.0260199,0.6809546,1.5736896,1.6908941,0,0,0,0,0,0,0,0.8161039,3.4887786,3.2971487,4.426956,6.428686,3
0,1.2111945,1.0995141,0.71995044,1.6931596,1.8274176,0.012707576,0,0,0,0,0,0,0.87039065,3.9146538,3.6256132,4.957582,7.345776,3
0,1.6545645,1.2490746,0.70893073,1.9206476,2.0609176,0.00754315,0,0,0,0,0,0,0.88200843,3.1321578,2.8968878,3.9212747,5.522535,3
0,1.8107371,1.3936361,0.6729652,1.9662062,2.0546923,0.017861057,0,0,0,0,0,0,0.83467263,2.3766117,2.1982982,2.9755518,3.829274,3
0,1.7436824,1.2364111,0.6749902,1.8522754,1.9694908,0,0,0,0,0,0,0,0.82837504,2.632925,2.5037827,3.2932482,4.4297395,3
0,1.8069742,1.3057734,0.70751107,2.0056355,2.142395,0.006540906,0,0,0,0,0,0,0.8880101,2.8710897,2.6596503,3.5870545,4.936987,3
0,1.6274372,1.3037721,0.7497846,2.0171041,2.157256,0.021259312,0,0,0,0,0,0,0.9286378,3.590816,3.307639,4.530949,6.591299,3
0,1.7777016,1.2613487,0.70621943,1.9508989,2.0878663,0,0,0,0,0,0,0,0.87426937,2.951022,2.781276,3.696623,5.1426206,3
0,1.383735,1.0368454,0.6417134,1.5532944,1.6924765,0,0,0,0,0,0,0,0.7796748,2.8647978,2.695477,3.561629,4.9091697,3
0,1.8341973,3.7148182,0.83411276,1.8299496,1.7635798,0.18791564,0,0,0,0,0,0,0.67713445,4.123439,3.253406,4.7635703,6.872027,3
0,2.047031,4.3542237,0.62626404,1.9568801,2.2565472,0.26168448,0,0,0,0,0,0,0.5912516,2.792341,2.3134067,3.2969208,4.2464075,3
0,1.9508965,4.3768764,0.72355187,2.0103111,2.2715144,0.24191773,0,0,0,0,0,0,0.644785,3.285024,2.2958014,3.5952895,4.6992874,3
0,2.1026793,4.5868425,0.5467867,1.9894952,2.4221926,0.3122713,0,0,0,0,0,0,0.5775882,2.5676582,2.1958108,3.0644202,3.806344,3
0,2.015527,4.3028197,0.6513378,1.9623587,2.246616,0.2510151,0,0,0,0,0,0,0.60657156,2.9041302,2.3091483,3.3644319,4.3538547,3
0,2.2736323,5.130538,0.39774743,2.101756,2.779433,0.41939008,0,0,0,0,0,0,0.5516901,2.1430762,2.0591986,2.6987188,3.1187997,3
0,1.9186201,4.141837,0.756498,1.9442672,2.106909,0.20179392,0,0,0,0,0,0,0.63555056,3.3029785,2.3818598,3.6677194,4.875743,3
0,1.5348951,3.241571,0.7429627,1.6176068,1.7406528,0.11767132,0,0,0,0,0,0,0.62972176,3.3963408,2.494435,3.7664742,5.1000757,3
0,2.0755615,4.428704,0.63128346,2.0352817,2.377342,0.2755416,0,0,0,0,0,0,0.62026334,2.8712478,2.314413,3.3597572,4.3407307,3
0,2.6704211,6.414991,0.2908036,2.5823774,3.6393902,0.612363,0,0,0,0,0,0,0.6079825,2.1819215,2.1097794,2.7981167,3.1693707,3
0,3.081481,7.4032598,0.5234478,3.1508243,4.0795684,0.6646398,0,0,0,0,0,0,0.725156,3.3284237,2.9258473,4.195034,5.62437,3
0,3.056215,7.571416,0.4141065,3.1289065,4.2478676,0.71876603,0,0,0,0,0,0,0.7096864,3.0275254,2.626045,3.7668943,4.7989955,3
0,3.0607386,7.3158937,0.42786127,3.0529597,4.0540204,0.6803543,0,0,0,0,0,0,0.6837116,2.9011848,2.7536623,3.7902808,4.9240727,3
0,2.6171317,6.1336813,0.43435246,2.5627747,3.402073,0.5350985,0,0,0,0,0,0,0.6332358,2.638856,2.3725185,3.2793155,4.064224,3
0,2.664412,6.1331253,0.6962199,2.766792,3.3220654,0.46372825,0,0,0,0,0,0,0.7273298,3.6562724,2.9067326,4.3507986,5.979128,3
0,2.6249824,6.1002493,0.5190265,2.6138752,3.3514793,0.5074636,0,0,0,0,0,0,0.6601023,2.950684,2.5449216,3.614236,4.6692533,3
0,2.399453,5.507991,0.5781129,2.3827057,2.961506,0.41598302,0,0,0,0,0,0,0.6428525,3.0171754,2.4613404,3.567677,4.6156325,3
0,2.4641674,5.492876,0.8529814,2.5953836,2.862449,0.33851975,0,0,0,0,0,0,0.73757404,4.0617304,3.0553157,4.703927,6.6608305,3
0,2.445451,5.623755,0.50105345,2.3836977,3.0630577,0.45179242,0,0,0,0,0,0,0.6229107,2.747903,2.3673012,3.323347,4.1782203,3
0,1.2932247,2.873904,0.74297225,1.4509696,1.5426443,0.12621348,0,0,0,0,0,0,0.65833163,4.083835,3.1821299,4.6444335,6.65661,3
0,1.9046154,4.035037,0.85300624,2.0508947,2.146534,0.1767826,0,0,0,0,0,0,0.70188713,3.8156514,2.722088,4.261252,5.9425592,3
0,2.056312,4.3943605,0.9198856,2.2446282,2.3031828,0.20298874,0,0,0,0,0,0,0.7371915,4.196477,3.0705051,4.7842045,6.873135,3
0,2.4099896,5.2144766,0.6752521,2.4220402,2.8327022,0.35998338,0,0,0,0,0,0,0.67781186,3.2528155,2.7103329,3.9330578,5.3352327,3
0,2.4394813,5.5910034,0.36230743,2.317839,3.152206,0.49203396,0,0,0,0,0,0,0.58993894,2.1913714,2.0981026,2.775919,3.211334,3
0,2.205821,5.018885,0.65062207,2.254455,2.7121246,0.34182757,0,0,0,0,0,0,0.66196173,3.2044642,2.38729,3.6243777,4.7191877,3
0,2.3427298,5.219925,0.5500625,2.2489858,2.7979858,0.38544858,0,0,0,0,0,0,0.61116016,2.8030229,2.4136996,3.3744519,4.317338,3
0,2.3068197,5.1832857,0.71866673,2.348148,2.733073,0.33629614,0,0,0,0,0,0,0.6757665,3.4898188,2.6512647,3.9989753,5.4033217,3
0,2.1874058,4.85286,0.72192925,2.223448,2.5531988,0.29738462,0,0,0,0,0,0,0.6637909,3.4060376,2.5532594,3.8669636,5.185368,3
0,1.8823227,3.8712323,0.8281975,1.8874525,1.8920631,0.1751441,0,0,0,0,0,0,0.6610775,3.8047588,2.873833,4.3078065,6.050435,3
0,1.9924773,2.1430192,0.8116477,2.4269936,0,0.47414672,0,0,0,0,0,0,0.73433274,0.018215187,2.9085407,4.092476,6.326935,3
0,2.0028923,2.4621825,0.78769517,2.434328,0,0.43794656,0,0,0,0,0,0,0.6952168,0,2.294856,3.370777,4.9385204,3
0,2.095024,2.4370933,0.7961207,2.4453025,0,0.44208914,0,0,0,0,0,0,0.6955396,0,2.4490147,3.4881253,5.1739593,3
0,2.0304601,2.507005,0.7941875,2.4728389,0,0.4430737,0,0,0,0,0,0,0.6997762,0,2.2884119,3.3739192,4.943939,3
0,2.177534,2.674665,0.81577104,2.5868325,0,0.4576187,0,0,0,0,0,0,0.7069189,0,2.3078432,3.385191,4.9638414,3
0,2.2053976,2.898697,0.8105464,2.6456852,0,0.460626,0,0,0,0,0,0,0.6980639,0,2.0624528,3.128172,4.4583564,3
0,1.9558463,2.1944072,0.78000236,2.3367255,0,0.42978024,0,0,0,0,0,0,0.69685304,0,2.5414295,3.597519,5.395479,3
0,1.6841508,1.6348683,0.74384576,2.0239348,0,0.398008,0,0,0,0,0,0,0.69272834,0.1351904,2.890298,3.9633927,6.132146,3
0,1.9456532,2.1607893,0.77901757,2.3400342,0,0.418433,0,0,0,0,0,0,0.7000414,0,2.515959,3.5635033,5.336133,3
0,2.4167633,3.2277348,0.7916842,2.796977,0.05508265,0.5198083,0,0,0,0,0,0,0.6989678,0,2.2226305,3.2316551,4.640794,3
0,2.561525,3.375216,0.8172551,2.9290855,0.028052077,0.55513966,0,0,0,0,0,0,0.71610504,0,2.3738396,3.4169695,4.994063,3
0,2.659306,3.5610003,0.81863934,3.0486279,0.09534241,0.59026873,0,0,0,0,0,0,0.72866523,0,2.4516323,3.5128913,5.158585,3
0,2.477246,3.176237,0.8452345,2.8520634,0,0.521963,0,0,0,0,0,0,0.71922284,0,2.33878,3.4293265,5.032272,3
0,2.427086,3.369592,0.7386823,2.80665,0.20285678,0.54059464,0,0,0,0,0,0,0.6805133,0,2.1488907,3.066009,4.3262744,3
0,2.8120425,3.421073,0.9777201,3.3268144,0,0.6247533,0,0,0,0,0,0,0.825517,0,2.9547286,4.350098,6.753787,3
0,2.4927626,3.337391,0.8041599,2.9086697,0.072108135,0.547328,0,0,0,0,0,0,0.71420044,0,2.288534,3.3296916,4.827942,3
0,2.377833,3.0693033,0.8285952,2.7758484,0,0.49815577,0,0,0,0,0,0,0.7115113,0,2.2441711,3.316461,4.81356,3
0,2.633272,3.1866584,0.93402255,3.1117828,0,0.5824529,0,0,0,0,0,0,0.7951439,0,2.8430388,4.161391,6.404608,3
0,2.577624,3.2086372,0.9146251,3.0534256,0,0.55946493,0,0,0,0,0,0,0.7759175,0,2.6252055,3.894497,5.89674,3
0,1.8202183,1.753873,0.78101194,2.1532366,0,0.43647033,0,0,0,0,0,0,0.72012,0.20099738,3.1460881,4.300423,6.766909,3
0,2.035845,2.056632,0.83077085,2.5149736,0,0.47814363,0,0,0,0,0,0,0.76181906,0.00226485,3.059237,4.2731104,6.687408,3
0,2.1826403,2.2505643,0.8597063,2.6541007,0,0.50452715,0,0,0,0,0,0,0.77680653,0,3.1290345,4.3761888,6.871806,3
0,2.2625976,2.6683447,0.8501375,2.720666,0,0.48360336,0,0,0,0,0,0,0.7447725,0,2.5640113,3.7267816,5.616186,3
0,2.0416558,2.49751,0.7704542,2.3866773,0,0.39665085,0,0,0,0,0,0,0.66895,0,2.0661657,3.0130649,4.279706,3
0,2.2144375,2.6410198,0.8132444,2.5641677,0,0.442941,0,0,0,0,0,0,0.70107263,0,2.3263867,3.3529644,4.915899,3
0,2.4326243,3.065701,0.86966395,2.860749,0,0.5058326,0,0,0,0,0,0,0.73825943,0,2.3678448,3.5247798,5.20754,3
0,2.5654397,3.003895,0.9350366,3.0682216,0,0.58765733,0,0,0,0,0,0,0.8092804,0,3.0528226,4.4211965,6.904545,3
0,2.3831227,2.8433354,0.8761863,2.8453841,0,0.5142928,0,0,0,0,0,0,0.7599303,0,2.64112,3.8503425,5.8365602,3
0,1.9411662,2.2461362,0.7495758,2.2394438,0,0.3832063,0,0,0,0,0,0,0.65791214,0,2.208307,3.1252384,4.5074215,3
0,1.6951162,3.7563353,0.57234097,0,0,0.31677282,0,0,0,0,0.3057714,0,0.24995987,4.438986,3.5540252,4.4745097,6.412668,3
0,2.074922,4.4591613,0.54771674,0.0621622,0,0.33150584,0,0,0,0,0.4312354,0,0.13908449,2.9547231,2.2591238,2.7899086,3.482693,3
0,2.0414379,4.4521933,0.5705557,0.019610612,0,0.33789372,0,0,0,0,0.4155986,0,0.1595864,3.4758158,2.671522,3.337823,4.459829,3
0,2.1876857,4.78991,0.5486836,0.086293176,0,0.35030192,0,0,0,0,0.51747763,0,0.10412418,2.602065,1.9050045,2.3765602,2.7624164,3
0,2.094596,4.63684,0.5723063,0.048834123,0,0.36178064,0,0,0,0,0.45231348,0,0.15045178,3.381022,2.5717046,3.2456796,4.274452,3
0,2.4789324,5.253185,0.5607527,0.13039039,0,0.38436377,0,0,0,0,0.4664514,0,0.06833494,2.486743,1.8273267,2.2074766,2.4813175,3
0,1.9776435,4.404498,0.5565155,0.022997592,0,0.33470678,0,0,0,0,0.4693659,0,0.15554859,3.270454,2.4830484,3.1288996,4.0769925,3
0,1.582382,3.3459635,0.53391194,0,0,0.26622182,0,0,0,0,0.2595211,0,0.24937117,3.9833536,3.2368367,3.990888,5.5617113,3
0,2.0063438,4.146815,0.5709231,0.044263374,0,0.3297196,0,0,0,0,0.2448693,0,0.2004301,3.8526201,3.0914779,3.7911165,5.2210073,3
0,2.8354115,5.7871375,0.63938946,0.18937074,0,0.44796664,0,0,0,0,0.2805773,0,0.08492198,3.3974762,2.592431,3.1462905,4.130475,3
0,3.2671523,6.651365,0.70572233,0.23368536,0,0.5230312,0,0,0,0,0.23031175,0,0.054322764,3.8705373,2.911549,3.55229,4.867039,3
0,3.304403,6.7681727,0.62587935,0.20844024,0,0.53782845,0,0,0,0,0.27248755,0,0.006275266,3.2956553,2.5561035,2.965846,3.8492985,3
0,3.1980743,6.562667,0.7072133,0.23972395,0,0.53400934,0,0,0,0,0.22305948,0,0.07636794,4.0772333,3.1033425,3.826531,5.3198705,3
0,2.8166702,5.7772593,0.6339035,0.16131759,0,0.43219692,0,0,0,0,0.32691848,0,0.07103357,3.2286313,2.4272556,2.9379504,3.7947702,3
0,2.8335075,5.8820186,0.70518553,0.17032048,0,0.5096221,0,0,0,0,0.15975447,0,0.15893163,4.895893,3.8542805,4.816093,7.027188,3
0,2.8221416,5.776236,0.627048,0.16114707,0,0.42460454,0,0,0,0,0.3410203,0,0.06132143,3.0602682,2.281509,2.7436967,3.4601026,3
0,2.5608587,5.174043,0.5799915,0.11369562,0,0.35527378,0,0,0,0,0.3557628,0,0.07030356,2.6508837,1.9851196,2.3232179,2.7344365,3
0,2.565279,5.2786236,0.65058744,0.10707486,0,0.42592752,0,0,0,0,0.21117862,0,0.15280084,4.2771463,3.357367,4.1372085,5.8665276,3
0,2.5828032,5.2874923,0.6478639,0.1482651,0,0.4405865,0,0,0,0,0.18748482,0,0.15987223,4.2399564,3.3642433,4.147721,5.854502,3
0,1.3910403,3.1052496,0.5460604,0,0,0.26846036,0,0,0,0,0.26268312,0,0.29513523,4.6280746,3.7659514,4.726718,6.838112,3
0,1.9421456,4.1015635,0.5775807,0.015885385,0,0.3310097,0,0,0,0,0.26458523,0,0.21203199,4.083086,3.260292,4.037674,5.6568046,3
0,2.0985746,4.481846,0.6405736,0.033745304,0,0.40198028,0,0,0,0,0.1715741,0,0.24825278,5.1553245,4.1419415,5.20524,7.681021,3
0,2.3834274,4.8689375,0.6082018,0.10775566,0,0.38538802,0,0,0,0,0.22606423,0,0.15728599,3.8302786,3.0209682,3.6875448,5.0528197,3
0,2.485458,5.0142965,0.58248115,0.13402694,0,0.36661524,0,0,0,0,0.29484367,0,0.104415886,2.9834185,2.2995243,2.7337875,3.4067197,3
0,2.246461,4.520724,0.55662566,0.06069915,0,0.30926424,0,0,0,0,0.31219926,0,0.11985153,2.9202418,2.2567816,2.6605325,3.304443,3
0,2.3241575,4.6713214,0.59041053,0.10177548,0,0.35924417,0,0,0,0,0.21743834,0,0.1559346,3.5986135,2.8610148,3.450393,4.646232,3
0,2.295046,4.6764464,0.6201899,0.095316924,0,0.3906033,0,0,0,0,0.15884566,0,0.1976686,4.3543944,3.5012136,4.304545,6.117398,3
0,2.3106391,4.6277966,0.5662552,0.0839583,0,0.32636845,0,0,0,0,0.28413132,0,0.12259084,3.0246496,2.3562043,2.7850585,3.5125713,3
0,1.8219434,3.7970326,0.54456496,0,0,0.26905242,0,0,0,0,0.3136464,0,0.19092186,3.5649443,2.8213663,3.4325953,4.645762,3
0,0.044639155,1.6603695,0.5967847,1.0037215,0.8186447,0.16142195,0,0,0,0,0.32986763,0,0.65465283,3.512708,2.7317972,4.483892,6.29068,3
0,0.23802808,1.9654032,0.5771375,1.1751711,0.9718551,0.15834773,0,0,0,0,0.3585505,0,0.61801803,2.4522026,1.7132473,3.2246659,4.067346,3
0,0.060466357,1.980826,0.6105994,1.1508869,1.0325615,0.17242971,0,0,0,0,0.3774916,0,0.6579104,3.3004606,2.354394,4.1584983,5.666491,3
0,0.21196544,2.0424693,0.5887308,1.2218225,1.0320547,0.17324844,0,0,0,0,0.36612028,0,0.6371945,2.618502,1.7864571,3.3954978,4.3364305,3
0,0.21453351,2.127246,0.6015992,1.2431842,1.0357368,0.1815201,0,0,0,0,0.36269674,0,0.63687813,2.7263384,1.8950138,3.5496597,4.603674,3
0,0.4137687,2.4450471,0.61095923,1.4484859,1.1958604,0.2150564,0,0,0,0,0.31894547,0,0.6513687,2.3214774,1.4183359,3.0363278,3.6591587,3
0,0.04230214,1.8747252,0.59738904,1.0981739,0.9650658,0.16315816,0,0,0,0,0.39043504,0,0.64786696,3.2123551,2.327375,4.077829,5.5402102,3
0,0,1.469143,0.5759392,0.90550303,0.8112473,0.13229392,0,0,0,0,0.3740204,0,0.6470907,3.497868,2.681745,4.39558,6.146072,3
0,0.19734046,2.0424304,0.606399,1.2395074,1.0726612,0.17430657,0,0,0,0,0.32658786,0,0.65408975,2.8911865,2.0297601,3.7186809,4.9070883,3
0,0.5252048,2.865564,0.67709166,1.7559992,1.5156147,0.27329528,0,0,0,0,0.20842572,0,0.7301165,2.7726657,1.6147362,3.525002,4.438365,3
0,0.61974496,3.2150147,0.74085575,2.0349784,1.7723403,0.3241806,0,0,0,0,0.0961933,0,0.800219,3.191028,1.8746316,4.050921,5.3045015,3
0,0.60523933,3.4033067,0.7579597,2.113349,1.8862195,0.35043198,0,0,0,0,0.115730956,0,0.82521814,3.4122179,1.9089886,4.2248783,5.5535336,3
0,0.6189252,3.044124,0.7150311,1.9531654,1.6849067,0.30162793,0,0,0,0,0.10975039,0,0.7780976,2.9257913,1.7126971,3.7533493,4.8153534,3
0,0.5451234,2.7659938,0.66760904,1.7460663,1.4838758,0.2628194,0,0,0,0,0.19127038,0,0.726293,2.6024132,1.5296,3.3702447,4.18945,3
0,0.36110583,2.9369936,0.73585427,1.8264699,1.6295869,0.29930192,0,0,0,0,0.17463769,0,0.7947583,3.768662,2.4390447,4.734913,6.521357,3
0,0.4785679,2.7720137,0.6793804,1.7408098,1.5045907,0.26826367,0,0,0,0,0.20052515,0,0.74056023,2.891383,1.7503837,3.6961713,4.746564,3
0,0.35694274,2.489376,0.6526859,1.5591203,1.3654513,0.23490424,0,0,0,0,0.2503762,0,0.7165513,2.944193,1.8681546,3.7444587,4.8674827,3
0,0.25846004,2.6479514,0.7084198,1.648591,1.471175,0.26453555,0,0,0,0,0.21529216,0,0.7654562,3.7476082,2.5343199,4.732068,6.562954,3
0,0.3704351,2.6497838,0.6802738,1.6563191,1.4456959,0.2575907,0,0,0,0,0.22296129,0,0.73994046,3.170042,2.0333374,4.0369353,5.3548083,3
0,0,1.3912089,0.5871847,0.86213297,0.72726625,0.15045291,0,0,0,0,0.34801534,0,0.6692242,3.9577239,3.1234775,4.951808,7.114559,3
0,0,1.8316562,0.6267936,1.1313759,1.0457315,0.17643201,0,0,0,0,0.33315343,0,0.69789654,3.8342113,2.8231318,4.7816224,6.755096,3
0,0.06862422,2.0484226,0.6568348,1.2627442,1.1252906,0.2045955,0,0,0,0,0.27227977,0,0.71767384,3.9461052,2.9160643,4.957748,7.046179,3
0,0.34145376,2.4033525,0.6522832,1.5045656,1.2980318,0.22157814,0,0,0,0,0.23443529,0,0.70360297,2.9965518,2.0149193,3.859634,5.1007605,3
0,0.4388366,2.3086467,0.6173299,1.4887943,1.2772007,0.20522022,0,0,0,0,0.23427182,0,0.683306,2.4193249,1.5052528,3.1385577,3.854827,3
0,0.23281664,2.339035,0.64462334,1.4232602,1.2727199,0.2169115,0,0,0,0,0.29635566,0,0.7027181,3.1965787,2.1218002,4.0215487,5.369088,3
0,0.41404632,2.5859647,0.6527778,1.5899503,1.3444684,0.24172376,0,0,0,0,0.25260603,0,0.7023095,2.7542238,1.7390023,3.5677114,4.5594387,3
0,0.20301604,2.5922773,0.7003228,1.5657747,1.4238577,0.2534983,0,0,0,0,0.25162032,0,0.7526359,3.8396254,2.603304,4.795118,6.678571,3
0,0.22730401,2.4654047,0.66744953,1.5072283,1.3558719,0.23713893,0,0,0,0,0.28084382,0,0.728945,3.4218314,2.261542,4.29017,5.810705,3
0,0.16782959,1.85495,0.59749174,1.1379446,0.95480734,0.14782423,0,0,0,0,0.3138814,0,0.6323835,2.8819206,2.1753578,3.784947,5.0779486,3
0,1.8374618,3.7404287,0.684441,0.9980618,0,0.4099688,0,0,0,0,0,0,0.42362204,3.3289702,3.2165735,4.375506,6.254804,3
0,2.1783063,4.315289,0.6888053,1.1805187,0,0.42945182,0,0,0,0,0,0,0.36810362,2.5110402,2.4740853,3.405774,4.533415,3
0,1.6137723,4.43785,0.7012551,1.2190202,0.10890123,0.45085257,0,0,0,0,0.25735113,0,0.45038325,3.107252,2.4078505,3.8963661,5.250021,3
0,2.231412,4.679874,0.70699394,1.2762809,0,0.46107286,0,0,0,0,0,0,0.36935267,2.534852,2.332548,3.3534594,4.387503,3
0,2.0603352,4.4379897,0.694308,1.226275,0,0.4523635,0,0,0,0,0,0,0.38755316,2.5813649,2.3981955,3.4822893,4.6189656,3
0,2.403533,4.984067,0.7204085,1.3916224,0,0.48536295,0,0,0,0,0,0,0.3552072,2.2332866,2.094008,3.0643294,3.877047,3
0,1.7016032,4.3312197,0.68812764,1.1613523,0,0.45461345,0,0,0,0,0.18309563,0,0.427997,3.0669096,2.52454,3.8879046,5.2494144,3
0,1.3072691,3.4113617,0.6474984,0.95306104,0,0.3947531,0,0,0,0,0.2242443,0,0.46810943,3.270067,2.916233,4.3142834,6.06791,3
0,1.8593378,4.0768657,0.68627673,1.2053189,0,0.44713515,0,0,0,0,0.028145492,0,0.4252656,2.688531,2.5986195,3.7835693,5.1610084,3
0,2.5668952,6.069016,0.8188836,1.8501799,0.10702452,0.62755644,0,0,0,0,0.012078792,0,0.4227659,2.4151242,2.0102713,3.4639692,4.468099,3
0,2.9115505,7.0040364,0.8559217,2.0511842,0.2623316,0.73621666,0,0,0,0,0,0,0.41534033,2.8202739,2.243021,3.8261752,5.021712,3
0,2.7836766,7.0792713,0.89888406,2.1002762,0.41416925,0.71097034,0,0,0,0,0.024431199,0,0.44873726,3.015832,2.1132085,3.8973212,5.1230373,3
0,3.0088606,6.9186983,0.8315162,2.0860958,0.1325023,0.76198554,0,0,0,0,0,0,0.40854836,2.5405295,2.3301604,3.792769,5.0081754,3
0,2.6085978,6.166901,0.7680671,1.7578171,0.13469918,0.6381368,0,0,0,0,0.012254179,0,0.37972665,2.3591127,1.964807,3.2696671,4.0999513,3
0,2.6515248,6.1907105,0.8855931,1.9290142,0,0.70471,0,0,0,0,0,0,0.48660874,3.346172,2.991324,4.762563,6.766361,3
0,2.645581,6.1485577,0.81134105,1.7427036,0.12324676,0.618631,0,0,0,0,0,0,0.39012322,2.6659696,2.121713,3.4941235,4.4978685,3
0,2.268893,5.457802,0.75283414,1.4720901,0.11753756,0.5386828,0,0,0,0,0.06704119,0,0.388641,2.7955008,2.1630838,3.4829829,4.4887877,3
0,2.317544,5.501825,0.8074997,1.5687702,0,0.60262424,0,0,0,0,0,0,0.4497698,3.4328423,2.9197853,4.506439,6.314485,3
0,2.4202485,5.479,0.8056824,1.6912762,0,0.61881304,0,0,0,0,0,0,0.44897425,2.8451362,2.6716468,4.1573534,5.7438636,3
0,1.1845006,3.2539303,0.6515631,0.8663501,0,0.39227122,0,0,0,0,0.24584228,0,0.4885323,3.7218573,3.2777605,4.7945967,6.914013,3
0,1.6530756,4.254582,0.72139364,1.1969378,0,0.48560125,0,0,0,0,0.14986117,0,0.47803742,3.574597,3.0745015,4.6510887,6.612425,3
0,1.8477278,4.489775,0.75846326,1.3465223,0,0.53692585,0,0,0,0,0.05584249,0,0.49552017,3.6054707,3.2765505,4.91166,7.088288,3
0,2.4081397,5.0179625,0.7616967,1.4484155,0,0.5312707,0,0,0,0,0,0,0.403404,2.8355582,2.7066073,3.9063582,5.3613253,3
0,2.3729362,5.3345137,0.7463353,1.5719818,0,0.5457628,0,0,0,0,0,0,0.3861419,2.2275279,1.9750978,3.157497,3.9684205,3
0,1.7943043,4.8042626,0.71020234,1.2732425,0.15867949,0.4727915,0,0,0,0,0.22987571,0,0.42077488,3.011061,2.2319767,3.6580591,4.7972283,3
0,2.3209348,4.8604927,0.735998,1.4047883,0,0.51165456,0,0,0,0,0,0,0.39198184,2.5450995,2.4701247,3.596874,4.822974,3
0,2.041709,4.9102106,0.7834999,1.4821416,0,0.5718835,0,0,0,0,0.03677717,0,0.4853319,3.4243736,3.0922158,4.7281346,6.753925,3
0,1.9185526,4.7273073,0.7210433,1.2471858,0,0.49019873,0,0,0,0,0.11568707,0,0.42009717,3.2087798,2.617837,4.0081387,5.4536443,3
0,1.7347988,3.8066134,0.63500345,0.90997183,0,0.35690355,0,0,0,0,0.06302518,0,0.3692876,2.8177218,2.4467125,3.4280639,4.5312176,3
